Acura	ILX	Sedan	0	2013	26795.0	http://www.truecar.com/prices-new/acura/ilx-pricing/2013/B11E5297	http://img.truecar.com/colorid_images/v1/930893/175x90/f3q
Acura	TSX	Sedan	0	2012	30905.0	http://www.truecar.com/prices-new/acura/tsx-pricing/2012/A3B3C7C0	http://img.truecar.com/colorid_images/v1/901429/175x90/f3q
Acura	TSX	Sedan	0	2013	31405.0	http://www.truecar.com/prices-new/acura/tsx-pricing/2013/662C2D5C	http://img.truecar.com/colorid_images/v1/952860/175x90/f3q
Acura	TSX Sport Wagon	Wagon	0	2012	32255.0	http://www.truecar.com/prices-new/acura/tsx-sport-wagon-pricing/2012/8D2813D2	http://img.truecar.com/colorid_images/v1/900619/175x90/f3q
Acura	TSX Sport Wagon	Wagon	0	2013	32755.0	http://www.truecar.com/prices-new/acura/tsx-sport-wagon-pricing/2013/952A9BC9	http://img.truecar.com/colorid_images/v1/952908/175x90/f3q
Acura	RDX	SUV	0	2013	35215.0	http://www.truecar.com/prices-new/acura/rdx-pricing/2013/581DF17B	http://img.truecar.com/colorid_images/v1/921745/175x90/f3q
Acura	TL	Sedan	0	2012	36600.0	http://www.truecar.com/prices-new/acura/tl-pricing/2012/001CE823	http://img.truecar.com/colorid_images/v1/869429/175x90/f3q
Acura	TL	Sedan	0	2013	36800.0	http://www.truecar.com/prices-new/acura/tl-pricing/2013/16CE333D	http://img.truecar.com/colorid_images/v1/950515/175x90/f3q
Acura	MDX	SUV	0	2013	44175.0	http://www.truecar.com/prices-new/acura/mdx-pricing/2013/5030215D	http://img.truecar.com/colorid_images/v1/945252/175x90/f3q
Acura	ZDX	SUV	0	2012	47015.0	http://www.truecar.com/prices-new/acura/zdx-pricing/2012/552EA2C7	http://img.truecar.com/colorid_images/v1/896532/175x90/f3q
Acura	RL	Sedan	0	2012	49095.0	http://www.truecar.com/prices-new/acura/rl-pricing/2012/0E8FD311	http://img.truecar.com/colorid_images/v1/909921/175x90/f3q
Acura	ZDX	SUV	0	2013	51815.0	http://www.truecar.com/prices-new/acura/zdx-pricing/2013/6F1E50BA	http://img.truecar.com/colorid_images/v1/953767/175x90/f3q
Audi	A3	Wagon	0	2013	28165.0	http://www.truecar.com/prices-new/audi/a3-pricing/2013/74F2BBFC	http://img.truecar.com/colorid_images/v1/924442/175x90/f3q
Audi	A4	Sedan	0	2013	33395.0	http://www.truecar.com/prices-new/audi/a4-pricing/2013/B4A44127	http://img.truecar.com/colorid_images/v1/924229/175x90/f3q
Audi	Q5	SUV	0	2012	36475.0	http://www.truecar.com/prices-new/audi/q5-pricing/2012/2ECC599A	http://img.truecar.com/colorid_images/v1/877169/175x90/f3q
Audi	Q5	SUV	0	2013	36795.0	http://www.truecar.com/prices-new/audi/q5-pricing/2013/FCDF4E5F	http://img.truecar.com/colorid_images/v1/942905/175x90/f3q
Audi	A5	Coupe	0	2013	38745.0	http://www.truecar.com/prices-new/audi/a5-pricing/2013/664B4127	http://img.truecar.com/colorid_images/v1/925442/175x90/f3q
Audi	TT	Coupe	0	2012	39175.0	http://www.truecar.com/prices-new/audi/tt-pricing/2012/3CBA0CAA	http://img.truecar.com/colorid_images/v1/878259/175x90/f3q
Audi	TT	Coupe	0	2013	39545.0	http://www.truecar.com/prices-new/audi/tt-pricing/2013/C533DDD4	http://img.truecar.com/colorid_images/v1/930616/175x90/f3q
Audi	allroad	Wagon	0	2013	40495.0	http://www.truecar.com/prices-new/audi/allroad-pricing/2013/D4A80E61	http://img.truecar.com/colorid_images/v1/930934/175x90/f3q
Audi	A6	Sedan	0	2013	43095.0	http://www.truecar.com/prices-new/audi/a6-pricing/2013/9FF4DC5C	http://img.truecar.com/colorid_images/v1/922606/175x90/f3q
Audi	Q7	SUV	0	2013	47695.0	http://www.truecar.com/prices-new/audi/q7-pricing/2013/E7F0E837	http://img.truecar.com/colorid_images/v1/922460/175x90/f3q
Audi	TTS	Coupe	0	2012	47875.0	http://www.truecar.com/prices-new/audi/tts-pricing/2012/F775F241	http://img.truecar.com/colorid_images/v1/878500/175x90/f3q
Audi	TTS	Coupe	0	2013	48245.0	http://www.truecar.com/prices-new/audi/tts-pricing/2013/59EA8317	http://img.truecar.com/colorid_images/v1/933167/175x90/f3q
Audi	S4	Sedan	0	2013	48495.0	http://www.truecar.com/prices-new/audi/s4-pricing/2013/2C5967DE	http://img.truecar.com/colorid_images/v1/924477/175x90/f3q
Audi	S5	Coupe	0	2013	51795.0	http://www.truecar.com/prices-new/audi/s5-pricing/2013/8AE8CF41	http://img.truecar.com/colorid_images/v1/930337/175x90/f3q
Audi	TT RS	Coupe	0	2012	57725.0	http://www.truecar.com/prices-new/audi/tt-rs-pricing/2012/1D023D44	http://img.truecar.com/colorid_images/v1/878367/175x90/f3q
Audi	TT RS	Coupe	0	2013	58095.0	http://www.truecar.com/prices-new/audi/tt-rs-pricing/2013/D04AE20E	http://img.truecar.com/colorid_images/v1/929435/175x90/f3q
Audi	A7	Wagon	0	2013	60995.0	http://www.truecar.com/prices-new/audi/a7-pricing/2013/E169DC02	http://img.truecar.com/colorid_images/v1/922741/175x90/f3q
Audi	RS 5	Coupe	0	2013	69795.0	http://www.truecar.com/prices-new/audi/rs-5-pricing/2013/C1F05F33	http://img.truecar.com/colorid_images/v1/930056/175x90/f3q
Audi	S6	Sedan	0	2013	72795.0	http://www.truecar.com/prices-new/audi/s6-pricing/2013/8F948FCB	http://img.truecar.com/colorid_images/v1/922073/175x90/f3q
Audi	A8	Sedan	0	2013	73095.0	http://www.truecar.com/prices-new/audi/a8-pricing/2013/DD118146	http://img.truecar.com/colorid_images/v1/920125/175x90/f3q
Audi	A8 L	Sedan	0	2013	79395.0	http://www.truecar.com/prices-new/audi/a8-l-pricing/2013/052F411B	http://img.truecar.com/colorid_images/v1/920182/175x90/f3q
Audi	A8	Sedan	0	2012	79625.0	http://www.truecar.com/prices-new/audi/a8-pricing/2012/F14E5F2B	http://img.truecar.com/colorid_images/v1/879093/175x90/f3q
Audi	S7	Sedan	0	2013	79695.0	http://www.truecar.com/prices-new/audi/s7-pricing/2013/55E8D66A	http://img.truecar.com/colorid_images/v1/922012/175x90/f3q
Audi	A8 L	Sedan	0	2012	85575.0	http://www.truecar.com/prices-new/audi/a8-l-pricing/2012/D54D9151	http://img.truecar.com/colorid_images/v1/879327/175x90/f3q
Audi	S8	Sedan	0	2013	110895.0	http://www.truecar.com/prices-new/audi/s8-pricing/2013/FD94B9F6	http://img.truecar.com/colorid_images/v1/921759/175x90/f3q
Audi	R8	Coupe	0	2012	115450.0	http://www.truecar.com/prices-new/audi/r8-pricing/2012/219F0369	http://img.truecar.com/colorid_images/v1/878230/175x90/f3q
BMW	X1	SUV	0	2013	31695.0	http://www.truecar.com/prices-new/bmw/x1-pricing/2013/E4729005	http://img.truecar.com/colorid_images/v1/931813/175x90/f3q
BMW	1 Series	Coupe	0	2013	32095.0	http://www.truecar.com/prices-new/bmw/1-series-pricing/2013/5130C723	http://img.truecar.com/colorid_images/v1/932633/175x90/f3q
BMW	3 Series	Sedan	0	2013	37745.0	http://www.truecar.com/prices-new/bmw/3-series-pricing/2013/6FF4A4FE	http://img.truecar.com/colorid_images/v1/933273/175x90/f3q
BMW	X3	SUV	0	2013	39745.0	http://www.truecar.com/prices-new/bmw/x3-pricing/2013/E1BDCB4C	http://img.truecar.com/colorid_images/v1/921367/175x90/f3q
BMW	Z4	Convertible	0	2013	48245.0	http://www.truecar.com/prices-new/bmw/z4-pricing/2013/8C2D467F	http://img.truecar.com/colorid_images/v1/940674/175x90/f3q
BMW	X5	SUV	0	2013	48395.0	http://www.truecar.com/prices-new/bmw/x5-pricing/2013/D872BCBE	http://img.truecar.com/colorid_images/v1/921870/175x90/f3q
BMW	5 Series	Sedan	0	2013	48695.0	http://www.truecar.com/prices-new/bmw/5-series-pricing/2013/3CF6C8EA	http://img.truecar.com/colorid_images/v1/938398/175x90/f3q
BMW	Z4	Convertible	0	2012	49545.0	http://www.truecar.com/prices-new/bmw/z4-pricing/2012/13A0A67E	http://img.truecar.com/colorid_images/v1/903156/175x90/f3q
BMW	5 Series Gran Turismo	Wagon	0	2013	59195.0	http://www.truecar.com/prices-new/bmw/5-series-gran-turismo-pricing/2013/06995BB3	http://img.truecar.com/colorid_images/v1/938600/175x90/f3q
BMW	X6	SUV	0	2013	60695.0	http://www.truecar.com/prices-new/bmw/x6-pricing/2013/B16B4353	http://img.truecar.com/colorid_images/v1/921147/175x90/f3q
BMW	M3	Coupe	0	2013	60995.0	http://www.truecar.com/prices-new/bmw/m3-pricing/2013/163A3FD4	http://img.truecar.com/colorid_images/v1/933214/175x90/f3q
BMW	7 Series	Sedan	0	2012	71895.0	http://www.truecar.com/prices-new/bmw/7-series-pricing/2012/75EC9598	http://img.truecar.com/colorid_images/v1/868513/175x90/f3q
BMW	6 Series	Coupe	0	2012	74495.0	http://www.truecar.com/prices-new/bmw/6-series-pricing/2012/42607F65	http://img.truecar.com/colorid_images/v1/908741/175x90/f3q
BMW	7 Series	Sedan	0	2013	74495.0	http://www.truecar.com/prices-new/bmw/7-series-pricing/2013/7F9CD671	http://img.truecar.com/colorid_images/v1/937119/175x90/f3q
BMW	6 Series	Coupe	0	2013	75795.0	http://www.truecar.com/prices-new/bmw/6-series-pricing/2013/A96635DD	http://img.truecar.com/colorid_images/v1/936913/175x90/f3q
BMW	X5 M	SUV	0	2013	89745.0	http://www.truecar.com/prices-new/bmw/x5-m-pricing/2013/35BB0602	http://img.truecar.com/colorid_images/v1/921037/175x90/f3q
BMW	M5	Sedan	0	2013	91095.0	http://www.truecar.com/prices-new/bmw/m5-pricing/2013/969149B3	http://img.truecar.com/colorid_images/v1/931964/175x90/f3q
BMW	X6 M	SUV	0	2013	93795.0	http://www.truecar.com/prices-new/bmw/x6-m-pricing/2013/E52F8623	http://img.truecar.com/colorid_images/v1/920964/175x90/f3q
BMW	M6	Coupe	0	2013	109245.0	http://www.truecar.com/prices-new/bmw/m6-pricing/2013/46189415	http://img.truecar.com/colorid_images/v1/932817/175x90/f3q
BMW	M6	Convertible	0	2012	113995.0	http://www.truecar.com/prices-new/bmw/m6-pricing/2012/B00F3CDD	http://img.truecar.com/colorid_images/v1/922418/175x90/f3q
Bentley	Continental GT V8	Coupe	0	2013	178425.0	http://www.truecar.com/prices-new/bentley/continental-gt-v8-pricing/2013/0222C685	http://img.truecar.com/colorid_images/v1/959870/175x90/f3q
Bentley	Continental Flying Spur	Sedan	0	2013	186925.0	http://www.truecar.com/prices-new/bentley/continental-flying-spur-pricing/2013/716312AC	http://img.truecar.com/colorid_images/v1/948224/175x90/f3q
Bentley	Continental GT	Coupe	0	2012	192495.0	http://www.truecar.com/prices-new/bentley/continental-gt-pricing/2012/92DCDB12	http://img.truecar.com/colorid_images/v1/889182/175x90/f3q
Bentley	Continental GT	Coupe	0	2013	195975.0	http://www.truecar.com/prices-new/bentley/continental-gt-pricing/2013/88F25772	http://img.truecar.com/colorid_images/v1/935240/175x90/f3q
Bentley	Mulsanne	Sedan	0	2012	292595.0	http://www.truecar.com/prices-new/bentley/mulsanne-pricing/2012/763219A9	http://img.truecar.com/colorid_images/v1/911249/175x90/f3q
Buick	Verano	Sedan	0	2012	23470.0	http://www.truecar.com/prices-new/buick/verano-pricing/2012/3D96443C	http://img.truecar.com/colorid_images/v1/898458/175x90/f3q
Buick	Verano	Sedan	0	2013	23975.0	http://www.truecar.com/prices-new/buick/verano-pricing/2013/69C4B1BC	http://img.truecar.com/colorid_images/v1/937376/175x90/f3q
Buick	Encore	SUV	0	2013	24950.0	http://www.truecar.com/prices-new/buick/encore-pricing/2013/6C161365	http://img.truecar.com/colorid_images/v1/952920/175x90/f3q
Buick	Regal	Sedan	0	2012	27940.0	http://www.truecar.com/prices-new/buick/regal-pricing/2012/33C76805	http://img.truecar.com/colorid_images/v1/881519/175x90/f3q
Buick	Regal	Sedan	1	2013	29910.0	http://www.truecar.com/prices-new/buick/regal-pricing/2013/D7435A07	http://img.truecar.com/colorid_images/v1/934699/175x90/f3q
Buick	LaCrosse	Sedan	1	2013	32555.0	http://www.truecar.com/prices-new/buick/lacrosse-pricing/2013/A29769C8	http://img.truecar.com/colorid_images/v1/925298/175x90/f3q
Buick	Enclave	Wagon	0	2012	37325.0	http://www.truecar.com/prices-new/buick/enclave-pricing/2012/B81F3040	http://img.truecar.com/colorid_images/v1/870414/175x90/f3q
Buick	Enclave	SUV	0	2013	39340.0	http://www.truecar.com/prices-new/buick/enclave-pricing/2013/6D245BA9	http://img.truecar.com/colorid_images/v1/943506/175x90/f3q
Cadillac	ATS	Sedan	0	2013	33990.0	http://www.truecar.com/prices-new/cadillac/ats-pricing/2013/8DD39674	http://img.truecar.com/colorid_images/v1/923029/175x90/f3q
Cadillac	CTS Sedan	Sedan	0	2012	36810.0	http://www.truecar.com/prices-new/cadillac/cts-sedan-pricing/2012/C86A16CE	http://img.truecar.com/colorid_images/v1/875211/175x90/f3q
Cadillac	SRX	Wagon	0	2013	38225.0	http://www.truecar.com/prices-new/cadillac/srx-pricing/2013/F3010A05	http://img.truecar.com/colorid_images/v1/939387/175x90/f3q
Cadillac	CTS Coupe	Coupe	0	2012	39610.0	http://www.truecar.com/prices-new/cadillac/cts-coupe-pricing/2012/F9ED119E	http://img.truecar.com/colorid_images/v1/871867/175x90/f3q
Cadillac	CTS Coupe	Coupe	0	2013	39800.0	http://www.truecar.com/prices-new/cadillac/cts-coupe-pricing/2013/266DEDC4	http://img.truecar.com/colorid_images/v1/925475/175x90/f3q
Cadillac	CTS Wagon	Wagon	0	2012	39910.0	http://www.truecar.com/prices-new/cadillac/cts-wagon-pricing/2012/28785A99	http://img.truecar.com/colorid_images/v1/875303/175x90/f3q
Cadillac	CTS Sedan	Sedan	0	2013	39990.0	http://www.truecar.com/prices-new/cadillac/cts-sedan-pricing/2013/C36497F8	http://img.truecar.com/colorid_images/v1/923767/175x90/f3q
Cadillac	CTS Wagon	Wagon	0	2013	40100.0	http://www.truecar.com/prices-new/cadillac/cts-wagon-pricing/2013/B5B06B9F	http://img.truecar.com/colorid_images/v1/925375/175x90/f3q
Cadillac	XTS	Sedan	0	2013	44995.0	http://www.truecar.com/prices-new/cadillac/xts-pricing/2013/8E592A43	http://img.truecar.com/colorid_images/v1/922343/175x90/f3q
Cadillac	Escalade EXT	Truck	0	2013	64055.0	http://www.truecar.com/prices-new/cadillac/escalade-ext-pricing/2013/9FD7E893	http://img.truecar.com/colorid_images/v1/924087/175x90/f3q
Cadillac	CTS-V Coupe	Coupe	0	2012	64110.0	http://www.truecar.com/prices-new/cadillac/cts-v-coupe-pricing/2012/E4ADADDE	http://img.truecar.com/colorid_images/v1/874406/175x90/f3q
Cadillac	CTS-V Sedan	Sedan	0	2012	64110.0	http://www.truecar.com/prices-new/cadillac/cts-v-sedan-pricing/2012/C7B9D56F	http://img.truecar.com/colorid_images/v1/875125/175x90/f3q
Cadillac	CTS-V Wagon	Wagon	0	2012	64110.0	http://www.truecar.com/prices-new/cadillac/cts-v-wagon-pricing/2012/8F437CF7	http://img.truecar.com/colorid_images/v1/875042/175x90/f3q
Cadillac	CTS-V Coupe	Coupe	0	2013	64110.0	http://www.truecar.com/prices-new/cadillac/cts-v-coupe-pricing/2013/7735D4C8	http://img.truecar.com/colorid_images/v1/925094/175x90/f3q
Cadillac	CTS-V Sedan	Sedan	0	2013	64110.0	http://www.truecar.com/prices-new/cadillac/cts-v-sedan-pricing/2013/AE4D45E9	http://img.truecar.com/colorid_images/v1/923368/175x90/f3q
Cadillac	CTS-V Wagon	Wagon	0	2013	64110.0	http://www.truecar.com/prices-new/cadillac/cts-v-wagon-pricing/2013/CC477156	http://img.truecar.com/colorid_images/v1/924062/175x90/f3q
Cadillac	Escalade	SUV	0	2013	64165.0	http://www.truecar.com/prices-new/cadillac/escalade-pricing/2013/AF008188	http://img.truecar.com/colorid_images/v1/924377/175x90/f3q
Cadillac	Escalade ESV	SUV	0	2013	66765.0	http://www.truecar.com/prices-new/cadillac/escalade-esv-pricing/2013/2E42020E	http://img.truecar.com/colorid_images/v1/926343/175x90/f3q
Cadillac	Escalade Hybrid	SUV	1	2013	74845.0	http://www.truecar.com/prices-new/cadillac/escalade-hybrid-pricing/2013/A3F5182F	http://img.truecar.com/colorid_images/v1/924421/175x90/f3q
Chevrolet	Spark	Wagon	0	2013	12995.0	http://www.truecar.com/prices-new/chevrolet/spark-pricing/2013/06D947E6	http://img.truecar.com/colorid_images/v1/919336/175x90/f3q
Chevrolet	Sonic	Sedan	0	2012	14660.0	http://www.truecar.com/prices-new/chevrolet/sonic-pricing/2012/41B9C023	http://img.truecar.com/colorid_images/v1/882876/175x90/f3q
Chevrolet	Sonic	Sedan	0	2013	14995.0	http://www.truecar.com/prices-new/chevrolet/sonic-pricing/2013/7E46DB22	http://img.truecar.com/colorid_images/v1/937550/175x90/f3q
Chevrolet	Cruze	Sedan	0	2012	17595.0	http://www.truecar.com/prices-new/chevrolet/cruze-pricing/2012/35DF67AA	http://img.truecar.com/colorid_images/v1/872817/175x90/f3q
Chevrolet	Cruze	Sedan	0	2013	17940.0	http://www.truecar.com/prices-new/chevrolet/cruze-pricing/2013/031723B5	http://img.truecar.com/colorid_images/v1/937424/175x90/f3q
Chevrolet	Colorado	Truck	0	2012	18285.0	http://www.truecar.com/prices-new/chevrolet/colorado-pricing/2012/5A7E86D0	http://img.truecar.com/colorid_images/v1/868624/175x90/f3q
Chevrolet	Malibu	Sedan	0	2013	22805.0	http://www.truecar.com/prices-new/chevrolet/malibu-pricing/2013/D3C43339	http://img.truecar.com/colorid_images/v1/932880/175x90/f3q
Chevrolet	Camaro	Coupe	0	2013	24245.0	http://www.truecar.com/prices-new/chevrolet/camaro-pricing/2013/6DD386E0	http://img.truecar.com/colorid_images/v1/926480/175x90/f3q
Chevrolet	Silverado 1500	Truck	0	2013	24585.0	http://www.truecar.com/prices-new/chevrolet/silverado-1500-pricing/2013/F8FCAF1A	http://img.truecar.com/colorid_images/v1/925117/175x90/f3q
Chevrolet	Equinox	SUV	0	2013	25015.0	http://www.truecar.com/prices-new/chevrolet/equinox-pricing/2013/D20BF108	http://img.truecar.com/colorid_images/v1/924828/175x90/f3q
Chevrolet	Impala	Sedan	0	2012	26585.0	http://www.truecar.com/prices-new/chevrolet/impala-pricing/2012/96DA59D7	http://img.truecar.com/colorid_images/v1/871225/175x90/f3q
Chevrolet	Impala	Sedan	0	2013	26685.0	http://www.truecar.com/prices-new/chevrolet/impala-pricing/2013/D784BD34	http://img.truecar.com/colorid_images/v1/924171/175x90/f3q
Chevrolet	Express Cargo Van	Van	0	2013	26745.0	http://www.truecar.com/prices-new/chevrolet/express-cargo-van-pricing/2013/FB43F18F	http://img.truecar.com/colorid_images/v1/925649/175x90/f3q
Chevrolet	Traverse	SUV	0	2012	30485.0	http://www.truecar.com/prices-new/chevrolet/traverse-pricing/2012/8D5B5C5A	http://img.truecar.com/colorid_images/v1/875489/175x90/f3q
Chevrolet	Express Passenger	Van	0	2013	30505.0	http://www.truecar.com/prices-new/chevrolet/express-passenger-pricing/2013/95952653	http://img.truecar.com/colorid_images/v1/928801/175x90/f3q
Chevrolet	Silverado 2500HD	Truck	0	2013	30545.0	http://www.truecar.com/prices-new/chevrolet/silverado-2500hd-pricing/2013/6087C44F	http://img.truecar.com/colorid_images/v1/925637/175x90/f3q
Chevrolet	Impala	Sedan	0	2014	30760.0	http://www.truecar.com/prices-new/chevrolet/impala-pricing/2014/3834CE2E	http://img.truecar.com/colorid_images/v1/924171/175x90/f3q
Chevrolet	Traverse	SUV	0	2013	31370.0	http://www.truecar.com/prices-new/chevrolet/traverse-pricing/2013/C4811C85	http://img.truecar.com/colorid_images/v1/943610/175x90/f3q
Chevrolet	Silverado 3500HD	Truck	0	2013	32820.0	http://www.truecar.com/prices-new/chevrolet/silverado-3500hd-pricing/2013/20D00EC9	http://img.truecar.com/colorid_images/v1/924822/175x90/f3q
Chevrolet	Avalanche	Truck	0	2013	36975.0	http://www.truecar.com/prices-new/chevrolet/avalanche-pricing/2013/5DC6A1E6	http://img.truecar.com/colorid_images/v1/923325/175x90/f3q
Chevrolet	Volt	Sedan	0	2013	39995.0	http://www.truecar.com/prices-new/chevrolet/volt-pricing/2013/21FDDD23	http://img.truecar.com/colorid_images/v1/928878/175x90/f3q
Chevrolet	Tahoe	SUV	0	2013	40825.0	http://www.truecar.com/prices-new/chevrolet/tahoe-pricing/2013/800E9430	http://img.truecar.com/colorid_images/v1/927841/175x90/f3q
Chevrolet	Silverado 1500 Hybrid	Truck	1	2013	41880.0	http://www.truecar.com/prices-new/chevrolet/silverado-1500-hybrid-pricing/2013/E9A8C98B	http://img.truecar.com/colorid_images/v1/924142/175x90/f3q
Chevrolet	Suburban	SUV	0	2013	44290.0	http://www.truecar.com/prices-new/chevrolet/suburban-pricing/2013/D55B9028	http://img.truecar.com/colorid_images/v1/924209/175x90/f3q
Chevrolet	Corvette	Coupe	0	2013	50595.0	http://www.truecar.com/prices-new/chevrolet/corvette-pricing/2013/BBC4021D	http://img.truecar.com/colorid_images/v1/921071/175x90/f3q
Chevrolet	Tahoe Hybrid	SUV	1	2013	54040.0	http://www.truecar.com/prices-new/chevrolet/tahoe-hybrid-pricing/2013/D4EEF6B9	http://img.truecar.com/colorid_images/v1/928242/175x90/f3q
Chrysler	200	Sedan	0	2013	19990.0	http://www.truecar.com/prices-new/chrysler/200-pricing/2013/C323A4EC	http://img.truecar.com/colorid_images/v1/937741/175x90/f3q
Chrysler	300	Sedan	0	2012	28595.0	http://www.truecar.com/prices-new/chrysler/300-pricing/2012/B1D456CC	http://img.truecar.com/colorid_images/v1/893622/175x90/f3q
Chrysler	300	Sedan	0	2013	30990.0	http://www.truecar.com/prices-new/chrysler/300-pricing/2013/89087EEF	http://img.truecar.com/colorid_images/v1/937756/175x90/f3q
Chrysler	Town & Country	Van	0	2013	31390.0	http://www.truecar.com/prices-new/chrysler/town-country-pricing/2013/DDFC6AC0	http://img.truecar.com/colorid_images/v1/935376/175x90/f3q
Dodge	Dart	Sedan	0	2013	16790.0	http://www.truecar.com/prices-new/dodge/dart-pricing/2013/F1C43184	http://img.truecar.com/colorid_images/v1/932873/175x90/f3q
Dodge	Avenger	Sedan	0	2013	19990.0	http://www.truecar.com/prices-new/dodge/avenger-pricing/2013/2F87FA12	http://img.truecar.com/colorid_images/v1/935787/175x90/f3q
Dodge	Journey	Wagon	0	2013	19990.0	http://www.truecar.com/prices-new/dodge/journey-pricing/2013/AD8157F3	http://img.truecar.com/colorid_images/v1/937990/175x90/f3q
Dodge	Grand Caravan	Van	0	2013	20990.0	http://www.truecar.com/prices-new/dodge/grand-caravan-pricing/2013/F07607C0	http://img.truecar.com/colorid_images/v1/935632/175x90/f3q
Dodge	Challenger	Coupe	0	2012	26190.0	http://www.truecar.com/prices-new/dodge/challenger-pricing/2012/03881901	http://img.truecar.com/colorid_images/v1/889782/175x90/f3q
Dodge	Challenger	Coupe	0	2013	26790.0	http://www.truecar.com/prices-new/dodge/challenger-pricing/2013/5732966F	http://img.truecar.com/colorid_images/v1/935266/175x90/f3q
Dodge	Charger	Sedan	0	2013	26990.0	http://www.truecar.com/prices-new/dodge/charger-pricing/2013/136DC454	http://img.truecar.com/colorid_images/v1/937831/175x90/f3q
Dodge	Durango	SUV	0	2013	30490.0	http://www.truecar.com/prices-new/dodge/durango-pricing/2013/B7853AF3	http://img.truecar.com/colorid_images/v1/935897/175x90/f3q
FIAT	500	Wagon	0	2012	16200.0	http://www.truecar.com/prices-new/fiat/500-pricing/2012/B7E557F5	http://img.truecar.com/colorid_images/v1/866278/175x90/f3q
FIAT	500	Wagon	0	2013	16700.0	http://www.truecar.com/prices-new/fiat/500-pricing/2013/86DC75D0	http://img.truecar.com/colorid_images/v1/935556/175x90/f3q
Ferrari	California	Convertible	0	2012	194000.0	http://www.truecar.com/prices-new/ferrari/california-pricing/2012/95DE16EC	http://img.truecar.com/colorid_images/v1/922862/175x90/f3q
Ferrari	458 Italia	Coupe	0	2012	233575.0	http://www.truecar.com/prices-new/ferrari/458-italia-pricing/2012/71BC7957	http://img.truecar.com/colorid_images/v1/929270/175x90/f3q
Ferrari	FF	Coupe	0	2012	298750.0	http://www.truecar.com/prices-new/ferrari/ff-pricing/2012/7E3B8BB0	http://img.truecar.com/colorid_images/v1/916164/175x90/f3q
Ford	Fiesta	Sedan	0	2013	13995.0	http://www.truecar.com/prices-new/ford/fiesta-pricing/2013/22E87438	http://img.truecar.com/colorid_images/v1/921901/175x90/f3q
Ford	Focus	Sedan	0	2013	16995.0	http://www.truecar.com/prices-new/ford/focus-pricing/2013/4D104C28	http://img.truecar.com/colorid_images/v1/932706/175x90/f3q
Ford	Fusion	Sedan	0	2013	22495.0	http://www.truecar.com/prices-new/ford/fusion-pricing/2013/6280E475	http://img.truecar.com/colorid_images/v1/932754/175x90/f3q
Ford	Transit Connect	Van	0	2012	22860.0	http://www.truecar.com/prices-new/ford/transit-connect-pricing/2012/FEF51033	http://img.truecar.com/colorid_images/v1/870313/175x90/f3q
Ford	Mustang	Coupe	0	2013	22995.0	http://www.truecar.com/prices-new/ford/mustang-pricing/2013/16B3EA10	http://img.truecar.com/colorid_images/v1/919640/175x90/f3q
Ford	Escape	SUV	0	2013	23365.0	http://www.truecar.com/prices-new/ford/escape-pricing/2013/318C5F33	http://img.truecar.com/colorid_images/v1/919748/175x90/f3q
Ford	Transit Connect	Van	0	2013	23420.0	http://www.truecar.com/prices-new/ford/transit-connect-pricing/2013/82DFEEE0	http://img.truecar.com/colorid_images/v1/927387/175x90/f3q
Ford	Transit Connect Wagon	Van	0	2012	24485.0	http://www.truecar.com/prices-new/ford/transit-connect-wagon-pricing/2012/F4FCDEC3	http://img.truecar.com/colorid_images/v1/870282/175x90/f3q
Ford	F-150	Truck	0	2012	24495.0	http://www.truecar.com/prices-new/ford/f-150-pricing/2012/3E9DC4D3	http://img.truecar.com/colorid_images/v1/906268/175x90/f3q
Ford	F-150	Truck	0	2013	24665.0	http://www.truecar.com/prices-new/ford/f-150-pricing/2013/744C450A	http://img.truecar.com/colorid_images/v1/939589/175x90/f3q
Ford	Transit Connect Wagon	Van	0	2013	25045.0	http://www.truecar.com/prices-new/ford/transit-connect-wagon-pricing/2013/9D26591E	http://img.truecar.com/colorid_images/v1/924311/175x90/f3q
Ford	C-Max Hybrid	Wagon	1	2013	25995.0	http://www.truecar.com/prices-new/ford/c-max-hybrid-pricing/2013/583C81CF	http://img.truecar.com/colorid_images/v1/933125/175x90/f3q
Ford	Taurus	Sedan	0	2013	27495.0	http://www.truecar.com/prices-new/ford/taurus-pricing/2013/8A409C76	http://img.truecar.com/colorid_images/v1/918994/175x90/f3q
Ford	Econoline Cargo Van	Van	0	2012	27625.0	http://www.truecar.com/prices-new/ford/econoline-cargo-van-pricing/2012/08327699	http://img.truecar.com/colorid_images/v1/882840/175x90/f3q
Ford	Econoline Cargo Van	Van	0	2013	28320.0	http://www.truecar.com/prices-new/ford/econoline-cargo-van-pricing/2013/A1AA2091	http://img.truecar.com/colorid_images/v1/938081/175x90/f3q
Ford	Edge	Wagon	0	2013	28450.0	http://www.truecar.com/prices-new/ford/edge-pricing/2013/71397889	http://img.truecar.com/colorid_images/v1/919150/175x90/f3q
Ford	Econoline Wagon	Van	0	2012	29755.0	http://www.truecar.com/prices-new/ford/econoline-wagon-pricing/2012/0DE6F973	http://img.truecar.com/colorid_images/v1/882511/175x90/f3q
Ford	Explorer	SUV	0	2013	29995.0	http://www.truecar.com/prices-new/ford/explorer-pricing/2013/FD0EA9E9	http://img.truecar.com/colorid_images/v1/919055/175x90/f3q
Ford	Super Duty F-250 SRW	Truck	0	2012	30060.0	http://www.truecar.com/prices-new/ford/super-duty-f-250-srw-pricing/2012/C7515359	http://img.truecar.com/colorid_images/v1/885383/175x90/f3q
Ford	Econoline Wagon	Van	0	2013	30450.0	http://www.truecar.com/prices-new/ford/econoline-wagon-pricing/2013/66C4F1A4	http://img.truecar.com/colorid_images/v1/938678/175x90/f3q
Ford	Super Duty F-250 SRW	Truck	0	2013	30580.0	http://www.truecar.com/prices-new/ford/super-duty-f-250-srw-pricing/2013/E69931C8	http://img.truecar.com/colorid_images/v1/948367/175x90/f3q
Ford	Super Duty F-350 SRW	Truck	0	2012	30780.0	http://www.truecar.com/prices-new/ford/super-duty-f-350-srw-pricing/2012/4EF4BE43	http://img.truecar.com/colorid_images/v1/885143/175x90/f3q
Ford	Super Duty F-350 SRW	Truck	0	2013	31480.0	http://www.truecar.com/prices-new/ford/super-duty-f-350-srw-pricing/2013/91C5216F	http://img.truecar.com/colorid_images/v1/949073/175x90/f3q
Ford	Flex	Wagon	0	2013	31795.0	http://www.truecar.com/prices-new/ford/flex-pricing/2013/125FAA2E	http://img.truecar.com/colorid_images/v1/919563/175x90/f3q
Ford	Super Duty F-350 DRW	Truck	0	2012	31875.0	http://www.truecar.com/prices-new/ford/super-duty-f-350-drw-pricing/2012/E5DD05AC	http://img.truecar.com/colorid_images/v1/886156/175x90/f3q
Ford	Super Duty F-350 DRW	Truck	0	2013	32680.0	http://www.truecar.com/prices-new/ford/super-duty-f-350-drw-pricing/2013/3D619A0E	http://img.truecar.com/colorid_images/v1/948807/175x90/f3q
Ford	C-Max Energi	Wagon	1	2013	33745.0	http://www.truecar.com/prices-new/ford/c-max-energi-pricing/2013/0C5D9F99	http://img.truecar.com/colorid_images/v1/932956/175x90/f3q
Ford	Expedition	SUV	0	2012	37525.0	http://www.truecar.com/prices-new/ford/expedition-pricing/2012/DA6A55E8	http://img.truecar.com/colorid_images/v1/886964/175x90/f3q
Ford	Fusion Energi	Sedan	1	2013	39495.0	http://www.truecar.com/prices-new/ford/fusion-energi-pricing/2013/7AA03109	http://img.truecar.com/colorid_images/v1/955783/175x90/f3q
Ford	Focus Electric	Wagon	0	2013	39995.0	http://www.truecar.com/prices-new/ford/focus-electric-pricing/2013/1B61A03E	http://img.truecar.com/colorid_images/v1/933352/175x90/f3q
Ford	Expedition EL	SUV	0	2012	41050.0	http://www.truecar.com/prices-new/ford/expedition-el-pricing/2012/3F8842D5	http://img.truecar.com/colorid_images/v1/887486/175x90/f3q
Ford	Expedition	SUV	0	2013	41600.0	http://www.truecar.com/prices-new/ford/expedition-pricing/2013/EC070495	http://img.truecar.com/colorid_images/v1/938747/175x90/f3q
Ford	Expedition EL	SUV	0	2013	44310.0	http://www.truecar.com/prices-new/ford/expedition-el-pricing/2013/41C4B67C	http://img.truecar.com/colorid_images/v1/938805/175x90/f3q
Ford	Super Duty F-450 DRW	Truck	0	2012	50390.0	http://www.truecar.com/prices-new/ford/super-duty-f-450-drw-pricing/2012/887E845D	http://img.truecar.com/colorid_images/v1/885597/175x90/f3q
Ford	Super Duty F-450 DRW	Truck	0	2013	50905.0	http://www.truecar.com/prices-new/ford/super-duty-f-450-drw-pricing/2013/0D6542AC	http://img.truecar.com/colorid_images/v1/947348/175x90/f3q
GMC	Canyon	Truck	0	2012	18300.0	http://www.truecar.com/prices-new/gmc/canyon-pricing/2012/365E4DE0	http://img.truecar.com/colorid_images/v1/868507/175x90/f3q
GMC	Sierra 1500	Truck	0	2013	24585.0	http://www.truecar.com/prices-new/gmc/sierra-1500-pricing/2013/D455F9CE	http://img.truecar.com/colorid_images/v1/928392/175x90/f3q
GMC	Savana Cargo Van	Van	0	2012	26085.0	http://www.truecar.com/prices-new/gmc/savana-cargo-van-pricing/2012/419A1F32	http://img.truecar.com/colorid_images/v1/875768/175x90/f3q
GMC	Savana Cargo Van	Van	0	2013	26745.0	http://www.truecar.com/prices-new/gmc/savana-cargo-van-pricing/2013/6F7440D1	http://img.truecar.com/colorid_images/v1/923101/175x90/f3q
GMC	Terrain	SUV	0	2013	27130.0	http://www.truecar.com/prices-new/gmc/terrain-pricing/2013/447A50EB	http://img.truecar.com/colorid_images/v1/927687/175x90/f3q
GMC	Savana Passenger	Van	0	2012	29935.0	http://www.truecar.com/prices-new/gmc/savana-passenger-pricing/2012/A2CB3EBD	http://img.truecar.com/colorid_images/v1/871651/175x90/f3q
GMC	Savana Passenger	Van	0	2013	30505.0	http://www.truecar.com/prices-new/gmc/savana-passenger-pricing/2013/EA19E187	http://img.truecar.com/colorid_images/v1/927751/175x90/f3q
GMC	Sierra 2500HD	Truck	0	2013	30545.0	http://www.truecar.com/prices-new/gmc/sierra-2500hd-pricing/2013/E9D12902	http://img.truecar.com/colorid_images/v1/926966/175x90/f3q
GMC	Sierra 3500HD	Truck	0	2013	32820.0	http://www.truecar.com/prices-new/gmc/sierra-3500hd-pricing/2013/CAEBCC81	http://img.truecar.com/colorid_images/v1/923836/175x90/f3q
GMC	Acadia	SUV	0	2012	33660.0	http://www.truecar.com/prices-new/gmc/acadia-pricing/2012/EB03B535	http://img.truecar.com/colorid_images/v1/872653/175x90/f3q
GMC	Acadia	SUV	0	2013	34945.0	http://www.truecar.com/prices-new/gmc/acadia-pricing/2013/61045FC9	http://img.truecar.com/colorid_images/v1/943698/175x90/f3q
GMC	Yukon	SUV	0	2012	41080.0	http://www.truecar.com/prices-new/gmc/yukon-pricing/2012/F9B7C89F	http://img.truecar.com/colorid_images/v1/873780/175x90/f3q
GMC	Yukon	SUV	0	2013	42180.0	http://www.truecar.com/prices-new/gmc/yukon-pricing/2013/B9D8AD49	http://img.truecar.com/colorid_images/v1/927987/175x90/f3q
GMC	Sierra 1500 Hybrid	Truck	1	2013	42300.0	http://www.truecar.com/prices-new/gmc/sierra-1500-hybrid-pricing/2013/3AC6B7E6	http://img.truecar.com/colorid_images/v1/928357/175x90/f3q
GMC	Yukon XL	SUV	0	2012	44550.0	http://www.truecar.com/prices-new/gmc/yukon-xl-pricing/2012/7255C708	http://img.truecar.com/colorid_images/v1/875712/175x90/f3q
GMC	Yukon XL	SUV	0	2013	45650.0	http://www.truecar.com/prices-new/gmc/yukon-xl-pricing/2013/D546A2CC	http://img.truecar.com/colorid_images/v1/924546/175x90/f3q
GMC	Yukon Hybrid	SUV	1	2012	53465.0	http://www.truecar.com/prices-new/gmc/yukon-hybrid-pricing/2012/2AF0BF8D	http://img.truecar.com/colorid_images/v1/874869/175x90/f3q
GMC	Yukon Hybrid	SUV	1	2013	54565.0	http://www.truecar.com/prices-new/gmc/yukon-hybrid-pricing/2013/6830BB75	http://img.truecar.com/colorid_images/v1/928752/175x90/f3q
Honda	Fit	Wagon	0	2013	16215.0	http://www.truecar.com/prices-new/honda/fit-pricing/2013/EA0490F0	http://img.truecar.com/colorid_images/v1/941453/175x90/f3q
Honda	Civic Coupe	Coupe	0	2012	16545.0	http://www.truecar.com/prices-new/honda/civic-coupe-pricing/2012/3C80EB20	http://img.truecar.com/colorid_images/v1/881310/175x90/f3q
Honda	Civic Sedan	Sedan	0	2012	16745.0	http://www.truecar.com/prices-new/honda/civic-sedan-pricing/2012/581C52FE	http://img.truecar.com/colorid_images/v1/874050/175x90/f3q
Honda	Civic Coupe	Coupe	0	2013	18755.0	http://www.truecar.com/prices-new/honda/civic-coupe-pricing/2013/D8928C04	http://img.truecar.com/colorid_images/v1/958054/175x90/f3q
Honda	Civic Sedan	Sedan	0	2013	18955.0	http://www.truecar.com/prices-new/honda/civic-sedan-pricing/2013/5DAB0A52	http://img.truecar.com/colorid_images/v1/957789/175x90/f3q
Honda	Insight	Wagon	1	2013	19390.0	http://www.truecar.com/prices-new/honda/insight-pricing/2013/3407ABA6	http://img.truecar.com/colorid_images/v1/953342/175x90/f3q
Honda	CR-Z	Coupe	1	2012	20485.0	http://www.truecar.com/prices-new/honda/cr-z-pricing/2012/B05B0A8B	http://img.truecar.com/colorid_images/v1/908942/175x90/f3q
Honda	CR-Z	Wagon	1	2013	20765.0	http://www.truecar.com/prices-new/honda/cr-z-pricing/2013/2777A6B3	http://img.truecar.com/colorid_images/v1/957722/175x90/f3q
Honda	Accord Sedan	Sedan	0	2013	22470.0	http://www.truecar.com/prices-new/honda/accord-sedan-pricing/2013/A456CF12	http://img.truecar.com/colorid_images/v1/953128/175x90/f3q
Honda	CR-V	SUV	0	2013	23625.0	http://www.truecar.com/prices-new/honda/cr-v-pricing/2013/B321D01D	http://img.truecar.com/colorid_images/v1/945319/175x90/f3q
Honda	Accord Coupe	Coupe	0	2013	24140.0	http://www.truecar.com/prices-new/honda/accord-coupe-pricing/2013/085BC133	http://img.truecar.com/colorid_images/v1/953011/175x90/f3q
Honda	Civic Hybrid	Sedan	1	2012	24990.0	http://www.truecar.com/prices-new/honda/civic-hybrid-pricing/2012/236DA9C7	http://img.truecar.com/colorid_images/v1/873779/175x90/f3q
Honda	Civic Hybrid	Sedan	1	2013	25150.0	http://www.truecar.com/prices-new/honda/civic-hybrid-pricing/2013/48CA94CB	http://img.truecar.com/colorid_images/v1/965096/175x90/f3q
Honda	Crosstour	Wagon	0	2013	28060.0	http://www.truecar.com/prices-new/honda/crosstour-pricing/2013/95015DB1	http://img.truecar.com/colorid_images/v1/955804/175x90/f3q
Honda	Crosstour	Wagon	0	2012	28585.0	http://www.truecar.com/prices-new/honda/crosstour-pricing/2012/9D8EC6EA	http://img.truecar.com/colorid_images/v1/918186/175x90/f3q
Honda	Odyssey	Van	0	2013	29505.0	http://www.truecar.com/prices-new/honda/odyssey-pricing/2013/A89129AB	http://img.truecar.com/colorid_images/v1/945455/175x90/f3q
Honda	Ridgeline	Truck	0	2012	30180.0	http://www.truecar.com/prices-new/honda/ridgeline-pricing/2012/BF1C2492	http://img.truecar.com/colorid_images/v1/912568/175x90/f3q
Honda	Ridgeline	Truck	0	2013	30280.0	http://www.truecar.com/prices-new/honda/ridgeline-pricing/2013/C1EC649A	http://img.truecar.com/colorid_images/v1/953778/175x90/f3q
Honda	Pilot	SUV	0	2013	30350.0	http://www.truecar.com/prices-new/honda/pilot-pricing/2013/CF85C617	http://img.truecar.com/colorid_images/v1/947959/175x90/f3q
Hyundai	Accent	Sedan	0	2013	15340.0	http://www.truecar.com/prices-new/hyundai/accent-pricing/2013/29E1E212	http://img.truecar.com/colorid_images/v1/933133/175x90/f3q
Hyundai	Elantra	Sedan	0	2013	17760.0	http://www.truecar.com/prices-new/hyundai/elantra-pricing/2013/20FB7F57	http://img.truecar.com/colorid_images/v1/921483/175x90/f3q
Hyundai	Elantra Coupe	Coupe	0	2013	18390.0	http://www.truecar.com/prices-new/hyundai/elantra-coupe-pricing/2013/816D398E	http://img.truecar.com/colorid_images/v1/938867/175x90/f3q
Hyundai	Veloster	Wagon	0	2013	18395.0	http://www.truecar.com/prices-new/hyundai/veloster-pricing/2013/477E7AA7	http://img.truecar.com/colorid_images/v1/938272/175x90/f3q
Hyundai	Elantra GT	Wagon	0	2013	19340.0	http://www.truecar.com/prices-new/hyundai/elantra-gt-pricing/2013/8FDA903D	http://img.truecar.com/colorid_images/v1/938195/175x90/f3q
Hyundai	Tucson	SUV	0	2013	20240.0	http://www.truecar.com/prices-new/hyundai/tucson-pricing/2013/8D236943	http://img.truecar.com/colorid_images/v1/940347/175x90/f3q
Hyundai	Sonata	Sedan	0	2013	21790.0	http://www.truecar.com/prices-new/hyundai/sonata-pricing/2013/DE9150C5	http://img.truecar.com/colorid_images/v1/953877/175x90/f3q
Hyundai	Genesis Coupe	Coupe	0	2013	25145.0	http://www.truecar.com/prices-new/hyundai/genesis-coupe-pricing/2013/18D51469	http://img.truecar.com/colorid_images/v1/920153/175x90/f3q
Hyundai	Santa Fe	SUV	0	2013	25295.0	http://www.truecar.com/prices-new/hyundai/santa-fe-pricing/2013/AD0B46CE	http://img.truecar.com/colorid_images/v1/943812/175x90/f3q
Hyundai	Sonata	Sedan	1	2012	26625.0	http://www.truecar.com/prices-new/hyundai/sonata-pricing/2012/0DBEC0FF	http://img.truecar.com/colorid_images/v1/917245/175x90/f3q
Hyundai	Veracruz	SUV	0	2012	29170.0	http://www.truecar.com/prices-new/hyundai/veracruz-pricing/2012/CEF53FC1	http://img.truecar.com/colorid_images/v1/908949/175x90/f3q
Hyundai	Azera	Sedan	0	2012	32875.0	http://www.truecar.com/prices-new/hyundai/azera-pricing/2012/B9C4A1BF	http://img.truecar.com/colorid_images/v1/918112/175x90/f3q
Hyundai	Azera	Sedan	0	2013	33145.0	http://www.truecar.com/prices-new/hyundai/azera-pricing/2013/B7777185	http://img.truecar.com/colorid_images/v1/950968/175x90/f3q
Hyundai	Genesis	Sedan	0	2012	35075.0	http://www.truecar.com/prices-new/hyundai/genesis-pricing/2012/79637418	http://img.truecar.com/colorid_images/v1/882573/175x90/f3q
Hyundai	Genesis	Sedan	0	2013	35095.0	http://www.truecar.com/prices-new/hyundai/genesis-pricing/2013/C12F6181	http://img.truecar.com/colorid_images/v1/950592/175x90/f3q
Hyundai	Equus	Sedan	0	2013	60170.0	http://www.truecar.com/prices-new/hyundai/equus-pricing/2013/8855CCDD	http://img.truecar.com/colorid_images/v1/938230/175x90/f3q
Infiniti	EX35	SUV	0	2012	36750.0	http://www.truecar.com/prices-new/infiniti/ex35-pricing/2012/34079B80	http://img.truecar.com/colorid_images/v1/898103/175x90/f3q
Infiniti	EX37	SUV	0	2013	37895.0	http://www.truecar.com/prices-new/infiniti/ex37-pricing/2013/C7FF78B2	http://img.truecar.com/colorid_images/v1/953424/175x90/f3q
Infiniti	G37 Sedan	Sedan	0	2013	38255.0	http://www.truecar.com/prices-new/infiniti/g37-sedan-pricing/2013/F909FF73	http://img.truecar.com/colorid_images/v1/950606/175x90/f3q
Infiniti	G37 Coupe	Coupe	0	2013	41305.0	http://www.truecar.com/prices-new/infiniti/g37-coupe-pricing/2013/EC10E3B3	http://img.truecar.com/colorid_images/v1/938946/175x90/f3q
Infiniti	JX35	SUV	0	2013	42245.0	http://www.truecar.com/prices-new/infiniti/jx35-pricing/2013/38E15F2B	http://img.truecar.com/colorid_images/v1/919406/175x90/f3q
Infiniti	FX37	SUV	0	2013	45945.0	http://www.truecar.com/prices-new/infiniti/fx37-pricing/2013/0E06282E	http://img.truecar.com/colorid_images/v1/943076/175x90/f3q
Infiniti	G37 Convertible	Convertible	0	2013	48805.0	http://www.truecar.com/prices-new/infiniti/g37-convertible-pricing/2013/CAC74C29	http://img.truecar.com/colorid_images/v1/938918/175x90/f3q
Infiniti	M37	Sedan	0	2013	49605.0	http://www.truecar.com/prices-new/infiniti/m37-pricing/2013/C91F08AE	http://img.truecar.com/colorid_images/v1/941503/175x90/f3q
Infiniti	M35h	Sedan	1	2013	55655.0	http://www.truecar.com/prices-new/infiniti/m35h-pricing/2013/F354E454	http://img.truecar.com/colorid_images/v1/941493/175x90/f3q
Infiniti	QX56	SUV	0	2012	60990.0	http://www.truecar.com/prices-new/infiniti/qx56-pricing/2012/81B2260D	http://img.truecar.com/colorid_images/v1/898801/175x90/f3q
Infiniti	QX56	SUV	0	2013	61745.0	http://www.truecar.com/prices-new/infiniti/qx56-pricing/2013/0A152885	http://img.truecar.com/colorid_images/v1/954971/175x90/f3q
Infiniti	M56	Sedan	0	2013	62105.0	http://www.truecar.com/prices-new/infiniti/m56-pricing/2013/AEA2D674	http://img.truecar.com/colorid_images/v1/941525/175x90/f3q
Infiniti	FX50	SUV	0	2013	62495.0	http://www.truecar.com/prices-new/infiniti/fx50-pricing/2013/98ECDA15	http://img.truecar.com/colorid_images/v1/943100/175x90/f3q
Jaguar	XF	Sedan	0	2013	47850.0	http://www.truecar.com/prices-new/jaguar/xf-pricing/2013/EC787F6F	http://img.truecar.com/colorid_images/v1/955954/175x90/f3q
Jaguar	XJ	Sedan	0	2013	74075.0	http://www.truecar.com/prices-new/jaguar/xj-pricing/2013/73D01493	http://img.truecar.com/colorid_images/v1/941567/175x90/f3q
Jaguar	XK	Coupe	0	2013	79875.0	http://www.truecar.com/prices-new/jaguar/xk-pricing/2013/03EF5846	http://img.truecar.com/colorid_images/v1/957241/175x90/f3q
Jaguar	XK	Coupe	0	2012	85375.0	http://www.truecar.com/prices-new/jaguar/xk-pricing/2012/9A404F8F	http://img.truecar.com/colorid_images/v1/880100/175x90/f3q
Jeep	Patriot	SUV	0	2013	16990.0	http://www.truecar.com/prices-new/jeep/patriot-pricing/2013/4A4B7FA8	http://img.truecar.com/colorid_images/v1/936419/175x90/f3q
Jeep	Compass	SUV	0	2013	20320.0	http://www.truecar.com/prices-new/jeep/compass-pricing/2013/4BA5157B	http://img.truecar.com/colorid_images/v1/935315/175x90/f3q
Jeep	Wrangler	SUV	0	2013	23190.0	http://www.truecar.com/prices-new/jeep/wrangler-pricing/2013/3ABDE4E9	http://img.truecar.com/colorid_images/v1/936048/175x90/f3q
Jeep	Liberty	SUV	0	2012	24320.0	http://www.truecar.com/prices-new/jeep/liberty-pricing/2012/5F20CD28	http://img.truecar.com/colorid_images/v1/889919/175x90/f3q
Jeep	Wrangler Unlimited	SUV	0	2013	26690.0	http://www.truecar.com/prices-new/jeep/wrangler-unlimited-pricing/2013/BECBFFF7	http://img.truecar.com/colorid_images/v1/935404/175x90/f3q
Jeep	Grand Cherokee	SUV	0	2013	28690.0	http://www.truecar.com/prices-new/jeep/grand-cherokee-pricing/2013/73FF68A4	http://img.truecar.com/colorid_images/v1/935441/175x90/f3q
Kia	Rio	Sedan	0	2013	14350.0	http://www.truecar.com/prices-new/kia/rio-pricing/2013/C87FA7FE	http://img.truecar.com/colorid_images/v1/922077/175x90/f3q
Kia	Soul	Wagon	0	2013	15175.0	http://www.truecar.com/prices-new/kia/soul-pricing/2013/7C77887C	http://img.truecar.com/colorid_images/v1/930820/175x90/f3q
Kia	Forte	Sedan	0	2013	16175.0	http://www.truecar.com/prices-new/kia/forte-pricing/2013/1353DDF1	http://img.truecar.com/colorid_images/v1/931947/175x90/f3q
Kia	Forte Koup	Coupe	0	2013	18175.0	http://www.truecar.com/prices-new/kia/forte-koup-pricing/2013/79F553C7	http://img.truecar.com/colorid_images/v1/931852/175x90/f3q
Kia	Forte 5-Door	Wagon	0	2013	19075.0	http://www.truecar.com/prices-new/kia/forte-5-door-pricing/2013/B35AD17C	http://img.truecar.com/colorid_images/v1/931848/175x90/f3q
Kia	Sportage	SUV	0	2013	19800.0	http://www.truecar.com/prices-new/kia/sportage-pricing/2013/C9337E1E	http://img.truecar.com/colorid_images/v1/940732/175x90/f3q
Kia	Optima	Sedan	0	2013	22125.0	http://www.truecar.com/prices-new/kia/optima-pricing/2013/B691368D	http://img.truecar.com/colorid_images/v1/935869/175x90/f3q
Kia	Sorento	SUV	0	2013	23950.0	http://www.truecar.com/prices-new/kia/sorento-pricing/2013/79F6DFBC	http://img.truecar.com/colorid_images/v1/919818/175x90/f3q
Kia	Sorento	SUV	0	2014	24950.0	http://www.truecar.com/prices-new/kia/sorento-pricing/2014/58BAB7AA	http://img.truecar.com/colorid_images/v1/959520/175x90/f3q
Kia	Sedona	Van	0	2012	25700.0	http://www.truecar.com/prices-new/kia/sedona-pricing/2012/445604A2	http://img.truecar.com/colorid_images/v1/877408/175x90/f3q
Lamborghini	Gallardo	Coupe	0	2012	190895.0	http://www.truecar.com/prices-new/lamborghini/gallardo-pricing/2012/1977DEE4	http://img.truecar.com/colorid_images/v1/929200/175x90/f3q
Lamborghini	Aventador	Coupe	0	2012	392990.0	http://www.truecar.com/prices-new/lamborghini/aventador-pricing/2012/02A8A7F6	http://img.truecar.com/colorid_images/v1/958899/175x90/f3q
Land Rover	LR2	SUV	0	2012	36550.0	http://www.truecar.com/prices-new/land-rover/lr2-pricing/2012/8F04E4B3	http://img.truecar.com/colorid_images/v1/918095/175x90/f3q
Land Rover	LR2	SUV	0	2013	37295.0	http://www.truecar.com/prices-new/land-rover/lr2-pricing/2013/260B311A	http://img.truecar.com/colorid_images/v1/955158/175x90/f3q
Land Rover	Range Rover Evoque	Wagon	0	2013	42040.0	http://www.truecar.com/prices-new/land-rover/range-rover-evoque-pricing/2013/B952A10D	http://img.truecar.com/colorid_images/v1/943111/175x90/f3q
Land Rover	LR4	SUV	0	2012	49750.0	http://www.truecar.com/prices-new/land-rover/lr4-pricing/2012/EE90FA14	http://img.truecar.com/colorid_images/v1/930443/175x90/f3q
Land Rover	LR4	SUV	0	2013	49995.0	http://www.truecar.com/prices-new/land-rover/lr4-pricing/2013/C7D18B04	http://img.truecar.com/colorid_images/v1/956023/175x90/f3q
Land Rover	Range Rover Sport	SUV	0	2013	60940.0	http://www.truecar.com/prices-new/land-rover/range-rover-sport-pricing/2013/00948F9B	http://img.truecar.com/colorid_images/v1/958904/175x90/f3q
Land Rover	Range Rover	SUV	0	2013	83545.0	http://www.truecar.com/prices-new/land-rover/range-rover-pricing/2013/E9BA288A	http://img.truecar.com/colorid_images/v1/956083/175x90/f3q
Lexus	CT 200h	Sedan	1	2012	29995.0	http://www.truecar.com/prices-new/lexus/ct-200h-pricing/2012/DC3802BB	http://img.truecar.com/colorid_images/v1/906116/175x90/f3q
Lexus	CT 200h	Wagon	1	2013	32945.0	http://www.truecar.com/prices-new/lexus/ct-200h-pricing/2013/F29438EE	http://img.truecar.com/colorid_images/v1/953472/175x90/f3q
Lexus	IS 250	Sedan	0	2012	34670.0	http://www.truecar.com/prices-new/lexus/is-250-pricing/2012/7054D67F	http://img.truecar.com/colorid_images/v1/907035/175x90/f3q
Lexus	IS 250	Sedan	0	2013	35960.0	http://www.truecar.com/prices-new/lexus/is-250-pricing/2013/DDED6B91	http://img.truecar.com/colorid_images/v1/943867/175x90/f3q
Lexus	ES 350	Sedan	0	2013	36995.0	http://www.truecar.com/prices-new/lexus/es-350-pricing/2013/D3713B02	http://img.truecar.com/colorid_images/v1/943484/175x90/f3q
Lexus	ES 300h	Sedan	1	2013	39745.0	http://www.truecar.com/prices-new/lexus/es-300h-pricing/2013/07E0B258	http://img.truecar.com/colorid_images/v1/943473/175x90/f3q
Lexus	RX 350	SUV	0	2013	40555.0	http://www.truecar.com/prices-new/lexus/rx-350-pricing/2013/4DA51213	http://img.truecar.com/colorid_images/v1/922633/175x90/f3q
Lexus	IS 350	Sedan	0	2012	41095.0	http://www.truecar.com/prices-new/lexus/is-350-pricing/2012/DBE8DDE5	http://img.truecar.com/colorid_images/v1/904991/175x90/f3q
Lexus	IS 350	Sedan	0	2013	41215.0	http://www.truecar.com/prices-new/lexus/is-350-pricing/2013/5B788BE6	http://img.truecar.com/colorid_images/v1/943912/175x90/f3q
Lexus	IS 250C	Convertible	0	2012	42065.0	http://www.truecar.com/prices-new/lexus/is-250c-pricing/2012/AF91B541	http://img.truecar.com/colorid_images/v1/905179/175x90/f3q
Lexus	IS 250C	Convertible	0	2013	43505.0	http://www.truecar.com/prices-new/lexus/is-250c-pricing/2013/71E2361F	http://img.truecar.com/colorid_images/v1/943899/175x90/f3q
Lexus	RX 450h	SUV	1	2013	47205.0	http://www.truecar.com/prices-new/lexus/rx-450h-pricing/2013/46A386F3	http://img.truecar.com/colorid_images/v1/922765/175x90/f3q
Lexus	IS 350C	Convertible	0	2012	47515.0	http://www.truecar.com/prices-new/lexus/is-350c-pricing/2012/0EAAFEED	http://img.truecar.com/colorid_images/v1/906353/175x90/f3q
Lexus	IS 350C	Convertible	0	2013	47785.0	http://www.truecar.com/prices-new/lexus/is-350c-pricing/2013/254BC4BD	http://img.truecar.com/colorid_images/v1/943944/175x90/f3q
Lexus	GS 350	Sedan	0	2013	48145.0	http://www.truecar.com/prices-new/lexus/gs-350-pricing/2013/E8DA33E8	http://img.truecar.com/colorid_images/v1/919300/175x90/f3q
Lexus	GX 460	SUV	0	2013	54690.0	http://www.truecar.com/prices-new/lexus/gx-460-pricing/2013/D3BC325F	http://img.truecar.com/colorid_images/v1/939524/175x90/f3q
Lexus	GS 450h	Sedan	1	2013	60345.0	http://www.truecar.com/prices-new/lexus/gs-450h-pricing/2013/AED6429D	http://img.truecar.com/colorid_images/v1/919318/175x90/f3q
Lexus	IS F	Sedan	0	2012	62175.0	http://www.truecar.com/prices-new/lexus/is-f-pricing/2012/385C0125	http://img.truecar.com/colorid_images/v1/906837/175x90/f3q
Lexus	IS F	Sedan	0	2013	62645.0	http://www.truecar.com/prices-new/lexus/is-f-pricing/2013/7868F2E0	http://img.truecar.com/colorid_images/v1/943957/175x90/f3q
Lexus	LS 460	Sedan	0	2012	68505.0	http://www.truecar.com/prices-new/lexus/ls-460-pricing/2012/8F60D682	http://img.truecar.com/colorid_images/v1/907659/175x90/f3q
Lexus	LS 460	Sedan	0	2013	72885.0	http://www.truecar.com/prices-new/lexus/ls-460-pricing/2013/57B07AFC	http://img.truecar.com/colorid_images/v1/955205/175x90/f3q
Lexus	LX 570	SUV	0	2013	82425.0	http://www.truecar.com/prices-new/lexus/lx-570-pricing/2013/DBA2B028	http://img.truecar.com/colorid_images/v1/919984/175x90/f3q
Lexus	LS 600h L	Sedan	1	2012	113625.0	http://www.truecar.com/prices-new/lexus/ls-600h-l-pricing/2012/52BFE6E5	http://img.truecar.com/colorid_images/v1/905599/175x90/f3q
Lexus	LS 600h L	Sedan	1	2013	120805.0	http://www.truecar.com/prices-new/lexus/ls-600h-l-pricing/2013/983CC210	http://img.truecar.com/colorid_images/v1/955077/175x90/f3q
Lincoln	MKZ	Sedan	0	2012	35630.0	http://www.truecar.com/prices-new/lincoln/mkz-pricing/2012/9DA72B10	http://img.truecar.com/colorid_images/v1/869456/175x90/f3q
Lincoln	MKZ	Sedan	0	2013	36820.0	http://www.truecar.com/prices-new/lincoln/mkz-pricing/2013/ACA973B5	http://img.truecar.com/colorid_images/v1/942958/175x90/f3q
Lincoln	MKX	Wagon	0	2013	40470.0	http://www.truecar.com/prices-new/lincoln/mkx-pricing/2013/51120AF8	http://img.truecar.com/colorid_images/v1/919233/175x90/f3q
Lincoln	MKS	Sedan	0	2012	42375.0	http://www.truecar.com/prices-new/lincoln/mks-pricing/2012/A8F28A0D	http://img.truecar.com/colorid_images/v1/886005/175x90/f3q
Lincoln	MKS	Sedan	0	2013	43765.0	http://www.truecar.com/prices-new/lincoln/mks-pricing/2013/C8D9158A	http://img.truecar.com/colorid_images/v1/919258/175x90/f3q
Lincoln	MKT	Wagon	0	2012	45175.0	http://www.truecar.com/prices-new/lincoln/mkt-pricing/2012/799A4B9C	http://img.truecar.com/colorid_images/v1/875124/175x90/f3q
Lincoln	MKT	Wagon	0	2013	46160.0	http://www.truecar.com/prices-new/lincoln/mkt-pricing/2013/26EB9847	http://img.truecar.com/colorid_images/v1/919530/175x90/f3q
Lincoln	Navigator	SUV	0	2012	58770.0	http://www.truecar.com/prices-new/lincoln/navigator-pricing/2012/6F420314	http://img.truecar.com/colorid_images/v1/887637/175x90/f3q
Lincoln	Navigator	SUV	0	2013	58870.0	http://www.truecar.com/prices-new/lincoln/navigator-pricing/2013/FAA8D95A	http://img.truecar.com/colorid_images/v1/938974/175x90/f3q
Lincoln	Navigator L	SUV	0	2012	60935.0	http://www.truecar.com/prices-new/lincoln/navigator-l-pricing/2012/8FE98465	http://img.truecar.com/colorid_images/v1/887534/175x90/f3q
Lincoln	Navigator L	SUV	0	2013	61035.0	http://www.truecar.com/prices-new/lincoln/navigator-l-pricing/2013/74C9DEA8	http://img.truecar.com/colorid_images/v1/939000/175x90/f3q
Lotus	Evora	Coupe	0	2012	67275.0	http://www.truecar.com/prices-new/lotus/evora-pricing/2012/4919BB57	http://img.truecar.com/colorid_images/v1/946193/175x90/f3q
MINI	Cooper Hardtop	Wagon	0	2012	20200.0	http://www.truecar.com/prices-new/mini/cooper-hardtop-pricing/2012/2BE376D3	http://img.truecar.com/colorid_images/v1/888366/175x90/f3q
MINI	Cooper Hardtop	Wagon	0	2013	20400.0	http://www.truecar.com/prices-new/mini/cooper-hardtop-pricing/2013/88678D8F	http://img.truecar.com/colorid_images/v1/942668/175x90/f3q
MINI	Cooper Clubman	Coupe	0	2012	21900.0	http://www.truecar.com/prices-new/mini/cooper-clubman-pricing/2012/0D05FBEB	http://img.truecar.com/colorid_images/v1/888551/175x90/f3q
MINI	Cooper Coupe	Wagon	0	2012	22000.0	http://www.truecar.com/prices-new/mini/cooper-coupe-pricing/2012/34C8B3C7	http://img.truecar.com/colorid_images/v1/908531/175x90/f3q
MINI	Cooper Clubman	Coupe	0	2013	22100.0	http://www.truecar.com/prices-new/mini/cooper-clubman-pricing/2013/FD5835E5	http://img.truecar.com/colorid_images/v1/940945/175x90/f3q
MINI	Cooper Coupe	Wagon	0	2013	22150.0	http://www.truecar.com/prices-new/mini/cooper-coupe-pricing/2013/FB4C4F2B	http://img.truecar.com/colorid_images/v1/940445/175x90/f3q
MINI	Cooper Countryman	Sedan	0	2012	22450.0	http://www.truecar.com/prices-new/mini/cooper-countryman-pricing/2012/0D52FAAF	http://img.truecar.com/colorid_images/v1/888255/175x90/f3q
MINI	Cooper Countryman	Sedan	0	2013	22700.0	http://www.truecar.com/prices-new/mini/cooper-countryman-pricing/2013/BBECC7A4	http://img.truecar.com/colorid_images/v1/956874/175x90/f3q
MINI	Cooper Convertible	Convertible	0	2013	25850.0	http://www.truecar.com/prices-new/mini/cooper-convertible-pricing/2013/B31E5190	http://img.truecar.com/colorid_images/v1/941024/175x90/f3q
MINI	Cooper Roadster	Convertible	0	2013	26250.0	http://www.truecar.com/prices-new/mini/cooper-roadster-pricing/2013/16E59167	http://img.truecar.com/colorid_images/v1/940515/175x90/f3q
Maserati	GranTurismo	Coupe	0	2012	124500.0	http://www.truecar.com/prices-new/maserati/granturismo-pricing/2012/59A764C1	http://img.truecar.com/colorid_images/v1/931520/175x90/f3q
Maserati	Quattroporte	Sedan	0	2012	128750.0	http://www.truecar.com/prices-new/maserati/quattroporte-pricing/2012/F839100E	http://img.truecar.com/colorid_images/v1/931695/175x90/f3q
Maserati	GranTurismo Convertible	Convertible	0	2012	138800.0	http://www.truecar.com/prices-new/maserati/granturismo-convertible-pricing/2012/C6CC0F44	http://img.truecar.com/colorid_images/v1/920372/175x90/f3q
Mazda	Mazda2	Wagon	0	2012	15325.0	http://www.truecar.com/prices-new/mazda/mazda2-pricing/2012/6DF6DF5C	http://img.truecar.com/colorid_images/v1/908833/175x90/f3q
Mazda	Mazda2	Wagon	0	2013	15515.0	http://www.truecar.com/prices-new/mazda/mazda2-pricing/2013/E779784F	http://img.truecar.com/colorid_images/v1/943979/175x90/f3q
Mazda	Mazda3	Sedan	0	2012	15995.0	http://www.truecar.com/prices-new/mazda/mazda3-pricing/2012/BC253627	http://img.truecar.com/colorid_images/v1/908680/175x90/f3q
Mazda	Mazda3	Sedan	0	2013	17495.0	http://www.truecar.com/prices-new/mazda/mazda3-pricing/2013/0D7EC939	http://img.truecar.com/colorid_images/v1/950685/175x90/f3q
Mazda	Mazda5	Van	0	2012	20420.0	http://www.truecar.com/prices-new/mazda/mazda5-pricing/2012/4B84A60B	http://img.truecar.com/colorid_images/v1/865689/175x90/f3q
Mazda	Mazda5	Van	0	2013	20735.0	http://www.truecar.com/prices-new/mazda/mazda5-pricing/2013/BB9728BE	http://img.truecar.com/colorid_images/v1/956840/175x90/f3q
Mazda	Mazda6	Sedan	0	2013	21520.0	http://www.truecar.com/prices-new/mazda/mazda6-pricing/2013/697C39C6	http://img.truecar.com/colorid_images/v1/930973/175x90/f3q
Mazda	Mazda6	Sedan	0	2014	21675.0	http://www.truecar.com/prices-new/mazda/mazda6-pricing/2014/E9D6695C	http://img.truecar.com/colorid_images/v1/961376/175x90/f3q
Mazda	CX-5	SUV	0	2013	21790.0	http://www.truecar.com/prices-new/mazda/cx-5-pricing/2013/3A4E0C99	http://img.truecar.com/colorid_images/v1/919927/175x90/f3q
Mazda	CX-5	SUV	0	2014	21990.0	http://www.truecar.com/prices-new/mazda/cx-5-pricing/2014/1F41DE1F	http://img.truecar.com/colorid_images/v1/961336/175x90/f3q
Mazda	MX-5 Miata	Convertible	0	2012	24265.0	http://www.truecar.com/prices-new/mazda/mx-5-miata-pricing/2012/AF0C641A	http://img.truecar.com/colorid_images/v1/898617/175x90/f3q
Mazda	MX-5 Miata	Convertible	0	2013	24515.0	http://www.truecar.com/prices-new/mazda/mx-5-miata-pricing/2013/ECFC02ED	http://img.truecar.com/colorid_images/v1/945562/175x90/f3q
Mazda	CX-9	SUV	0	2012	30520.0	http://www.truecar.com/prices-new/mazda/cx-9-pricing/2012/DC45F64C	http://img.truecar.com/colorid_images/v1/899166/175x90/f3q
Mazda	CX-9	SUV	0	2013	30580.0	http://www.truecar.com/prices-new/mazda/cx-9-pricing/2013/2B5C3499	http://img.truecar.com/colorid_images/v1/957559/175x90/f3q
Mercedes-Benz	C-Class	Sedan	0	2013	36255.0	http://www.truecar.com/prices-new/mercedes-benz/c-class-pricing/2013/F36C8E88	http://img.truecar.com/colorid_images/v1/941760/175x90/f3q
Mercedes-Benz	GLK-Class	SUV	0	2013	37995.0	http://www.truecar.com/prices-new/mercedes-benz/glk-class-pricing/2013/FA3E1ED0	http://img.truecar.com/colorid_images/v1/940895/175x90/f3q
Mercedes-Benz	SLK-Class	Convertible	0	2013	43805.0	http://www.truecar.com/prices-new/mercedes-benz/slk-class-pricing/2013/4BBCAFE9	http://img.truecar.com/colorid_images/v1/942657/175x90/f3q
Mercedes-Benz	M-Class	SUV	0	2013	48175.0	http://www.truecar.com/prices-new/mercedes-benz/m-class-pricing/2013/883E0E29	http://img.truecar.com/colorid_images/v1/942397/175x90/f3q
Mercedes-Benz	E-Class	Sedan	0	2013	51905.0	http://www.truecar.com/prices-new/mercedes-benz/e-class-pricing/2013/CB827B18	http://img.truecar.com/colorid_images/v1/942163/175x90/f3q
Mercedes-Benz	GL-Class	SUV	0	2012	62445.0	http://www.truecar.com/prices-new/mercedes-benz/gl-class-pricing/2012/C2760990	http://img.truecar.com/colorid_images/v1/907250/175x90/f3q
Mercedes-Benz	GL-Class	SUV	0	2013	63305.0	http://www.truecar.com/prices-new/mercedes-benz/gl-class-pricing/2013/C7D1D80E	http://img.truecar.com/colorid_images/v1/940849/175x90/f3q
Mercedes-Benz	CLS-Class	Sedan	0	2012	72175.0	http://www.truecar.com/prices-new/mercedes-benz/cls-class-pricing/2012/8AB246E8	http://img.truecar.com/colorid_images/v1/879789/175x90/f3q
Mercedes-Benz	CLS-Class	Sedan	0	2013	72905.0	http://www.truecar.com/prices-new/mercedes-benz/cls-class-pricing/2013/22E6D513	http://img.truecar.com/colorid_images/v1/942005/175x90/f3q
Mercedes-Benz	S-Class	Sedan	1	2012	92725.0	http://www.truecar.com/prices-new/mercedes-benz/s-class-pricing/2012/47CEFBDF	http://img.truecar.com/colorid_images/v1/897829/175x90/f3q
Mercedes-Benz	S-Class	Sedan	1	2013	93255.0	http://www.truecar.com/prices-new/mercedes-benz/s-class-pricing/2013/DD661872	http://img.truecar.com/colorid_images/v1/942497/175x90/f3q
Mercedes-Benz	SL-Class	Convertible	0	2013	106405.0	http://www.truecar.com/prices-new/mercedes-benz/sl-class-pricing/2013/A4E9DF47	http://img.truecar.com/colorid_images/v1/930344/175x90/f3q
Mercedes-Benz	G-Class	SUV	0	2013	113905.0	http://www.truecar.com/prices-new/mercedes-benz/g-class-pricing/2013/A4F79D3C	http://img.truecar.com/colorid_images/v1/940828/175x90/f3q
Mercedes-Benz	CL-Class	Coupe	0	2013	116205.0	http://www.truecar.com/prices-new/mercedes-benz/cl-class-pricing/2013/E7CDDC7F	http://img.truecar.com/colorid_images/v1/941889/175x90/f3q
Mercedes-Benz	SLS AMG	Coupe	0	2012	190475.0	http://www.truecar.com/prices-new/mercedes-benz/sls-amg-pricing/2012/E07B3B24	http://img.truecar.com/colorid_images/v1/901746/175x90/f3q
Mercedes-Benz	SLS AMG GT	Coupe	0	2013	200405.0	http://www.truecar.com/prices-new/mercedes-benz/sls-amg-gt-pricing/2013/6AC1C12D	http://img.truecar.com/colorid_images/v1/957621/175x90/f3q
Mitsubishi	Lancer	Sedan	0	2012	16490.0	http://www.truecar.com/prices-new/mitsubishi/lancer-pricing/2012/183B8D8E	http://img.truecar.com/colorid_images/v1/912326/175x90/f3q
Mitsubishi	Lancer	Sedan	0	2013	16790.0	http://www.truecar.com/prices-new/mitsubishi/lancer-pricing/2013/A0610451	http://img.truecar.com/colorid_images/v1/942756/175x90/f3q
Mitsubishi	Lancer Sportback	Wagon	0	2012	19190.0	http://www.truecar.com/prices-new/mitsubishi/lancer-sportback-pricing/2012/BBAF3061	http://img.truecar.com/colorid_images/v1/914249/175x90/f3q
Mitsubishi	Lancer Sportback	Wagon	0	2013	19290.0	http://www.truecar.com/prices-new/mitsubishi/lancer-sportback-pricing/2013/A1A2B8D2	http://img.truecar.com/colorid_images/v1/942825/175x90/f3q
Mitsubishi	Outlander Sport	SUV	0	2013	19995.0	http://www.truecar.com/prices-new/mitsubishi/outlander-sport-pricing/2013/D4EBAC03	http://img.truecar.com/colorid_images/v1/943037/175x90/f3q
Mitsubishi	Galant	Sedan	0	2012	22694.0	http://www.truecar.com/prices-new/mitsubishi/galant-pricing/2012/A000D5E8	http://img.truecar.com/colorid_images/v1/896269/175x90/f3q
Mitsubishi	Outlander	SUV	0	2012	23155.0	http://www.truecar.com/prices-new/mitsubishi/outlander-pricing/2012/7704A8FC	http://img.truecar.com/colorid_images/v1/896594/175x90/f3q
Mitsubishi	Outlander	SUV	0	2013	23520.0	http://www.truecar.com/prices-new/mitsubishi/outlander-pricing/2013/C7FAC02E	http://img.truecar.com/colorid_images/v1/942989/175x90/f3q
Mitsubishi	i-MiEV	Wagon	0	2012	29975.0	http://www.truecar.com/prices-new/mitsubishi/i-miev-pricing/2012/46C90634	http://img.truecar.com/colorid_images/v1/896912/175x90/f3q
Mitsubishi	Lancer Evolution	Sedan	0	2012	35290.0	http://www.truecar.com/prices-new/mitsubishi/lancer-evolution-pricing/2012/8599CCF5	http://img.truecar.com/colorid_images/v1/914251/175x90/f3q
Mitsubishi	Lancer Evolution	Sedan	0	2013	35490.0	http://www.truecar.com/prices-new/mitsubishi/lancer-evolution-pricing/2013/9310B59F	http://img.truecar.com/colorid_images/v1/942809/175x90/f3q
Nissan	Versa	Sedan	0	2012	11770.0	http://www.truecar.com/prices-new/nissan/versa-pricing/2012/19DA0A60	http://img.truecar.com/colorid_images/v1/892123/175x90/f3q
Nissan	Versa	Sedan	0	2013	12780.0	http://www.truecar.com/prices-new/nissan/versa-pricing/2013/362851C5	http://img.truecar.com/colorid_images/v1/950972/175x90/f3q
Nissan	cube	Wagon	0	2012	15760.0	http://www.truecar.com/prices-new/nissan/cube-pricing/2012/126F2858	http://img.truecar.com/colorid_images/v1/917496/175x90/f3q
Nissan	Sentra	Sedan	0	2013	16780.0	http://www.truecar.com/prices-new/nissan/sentra-pricing/2013/33766BD1	http://img.truecar.com/colorid_images/v1/954990/175x90/f3q
Nissan	Sentra	Sedan	0	2012	17210.0	http://www.truecar.com/prices-new/nissan/sentra-pricing/2012/FC1EFEC9	http://img.truecar.com/colorid_images/v1/887485/175x90/f3q
Nissan	cube	Wagon	0	2013	17550.0	http://www.truecar.com/prices-new/nissan/cube-pricing/2013/84D8F7BE	http://img.truecar.com/colorid_images/v1/956994/175x90/f3q
Nissan	Frontier	Truck	0	2012	20085.0	http://www.truecar.com/prices-new/nissan/frontier-pricing/2012/B91BCCDA	http://img.truecar.com/colorid_images/v1/900574/175x90/f3q
Nissan	JUKE	Wagon	0	2012	20770.0	http://www.truecar.com/prices-new/nissan/juke-pricing/2012/D610353E	http://img.truecar.com/colorid_images/v1/911303/175x90/f3q
Nissan	JUKE	Wagon	0	2013	21070.0	http://www.truecar.com/prices-new/nissan/juke-pricing/2013/966C8FDA	http://img.truecar.com/colorid_images/v1/950773/175x90/f3q
Nissan	Altima	Sedan	0	2013	22550.0	http://www.truecar.com/prices-new/nissan/altima-pricing/2013/7DCB3BD1	http://img.truecar.com/colorid_images/v1/929636/175x90/f3q
Nissan	Rogue	SUV	0	2013	23455.0	http://www.truecar.com/prices-new/nissan/rogue-pricing/2013/EB29001D	http://img.truecar.com/colorid_images/v1/934326/175x90/f3q
Nissan	NV	Van	0	2012	26045.0	http://www.truecar.com/prices-new/nissan/nv-pricing/2012/1727EA64	http://img.truecar.com/colorid_images/v1/866120/175x90/f3q
Nissan	Xterra	SUV	0	2012	26305.0	http://www.truecar.com/prices-new/nissan/xterra-pricing/2012/C984EA40	http://img.truecar.com/colorid_images/v1/902245/175x90/f3q
Nissan	NV	Van	0	2013	26415.0	http://www.truecar.com/prices-new/nissan/nv-pricing/2013/4A39213B	http://img.truecar.com/colorid_images/v1/957114/175x90/f3q
Nissan	Quest	Van	0	2012	26815.0	http://www.truecar.com/prices-new/nissan/quest-pricing/2012/98632E9D	http://img.truecar.com/colorid_images/v1/911679/175x90/f3q
Nissan	Quest	Van	0	2013	26835.0	http://www.truecar.com/prices-new/nissan/quest-pricing/2013/09C3F581	http://img.truecar.com/colorid_images/v1/953513/175x90/f3q
Nissan	Pathfinder	SUV	0	2013	29495.0	http://www.truecar.com/prices-new/nissan/pathfinder-pricing/2013/09835A15	http://img.truecar.com/colorid_images/v1/956204/175x90/f3q
Nissan	Titan	Truck	0	2012	29515.0	http://www.truecar.com/prices-new/nissan/titan-pricing/2012/301E9540	http://img.truecar.com/colorid_images/v1/896950/175x90/f3q
Nissan	Titan	Truck	0	2013	30265.0	http://www.truecar.com/prices-new/nissan/titan-pricing/2013/0B7C9EE3	http://img.truecar.com/colorid_images/v1/956283/175x90/f3q
Nissan	Murano	SUV	0	2012	30785.0	http://www.truecar.com/prices-new/nissan/murano-pricing/2012/3D211BF0	http://img.truecar.com/colorid_images/v1/905769/175x90/f3q
Nissan	Murano	SUV	0	2013	31295.0	http://www.truecar.com/prices-new/nissan/murano-pricing/2013/26C24E73	http://img.truecar.com/colorid_images/v1/955327/175x90/f3q
Nissan	NVP	Van	0	2012	32685.0	http://www.truecar.com/prices-new/nissan/nvp-pricing/2012/4BBFA9A2	http://img.truecar.com/colorid_images/v1/921645/175x90/f3q
Nissan	NVP	Van	0	2013	32985.0	http://www.truecar.com/prices-new/nissan/nvp-pricing/2013/C68FB590	http://img.truecar.com/colorid_images/v1/957149/175x90/f3q
Nissan	370Z	Coupe	0	2012	33060.0	http://www.truecar.com/prices-new/nissan/370z-pricing/2012/07C4467A	http://img.truecar.com/colorid_images/v1/909132/175x90/f3q
Nissan	Maxima	Sedan	0	2012	33200.0	http://www.truecar.com/prices-new/nissan/maxima-pricing/2012/6E981AD6	http://img.truecar.com/colorid_images/v1/899825/175x90/f3q
Nissan	370Z	Coupe	0	2013	33910.0	http://www.truecar.com/prices-new/nissan/370z-pricing/2013/E3FF9B39	http://img.truecar.com/colorid_images/v1/941137/175x90/f3q
Nissan	Maxima	Sedan	0	2013	34060.0	http://www.truecar.com/prices-new/nissan/maxima-pricing/2013/C92597D9	http://img.truecar.com/colorid_images/v1/950855/175x90/f3q
Nissan	LEAF	Wagon	0	2012	36050.0	http://www.truecar.com/prices-new/nissan/leaf-pricing/2012/264EE45A	http://img.truecar.com/colorid_images/v1/910141/175x90/f3q
Nissan	Armada	SUV	0	2012	40865.0	http://www.truecar.com/prices-new/nissan/armada-pricing/2012/5EBE4314	http://img.truecar.com/colorid_images/v1/896591/175x90/f3q
Nissan	Armada	SUV	0	2013	42285.0	http://www.truecar.com/prices-new/nissan/armada-pricing/2013/DD5E39C0	http://img.truecar.com/colorid_images/v1/955266/175x90/f3q
Nissan	Murano CrossCabriolet	Convertible	0	2012	45365.0	http://www.truecar.com/prices-new/nissan/murano-crosscabriolet-pricing/2012/A9A26522	http://img.truecar.com/colorid_images/v1/908483/175x90/f3q
Nissan	Murano CrossCabriolet	Convertible	0	2013	45385.0	http://www.truecar.com/prices-new/nissan/murano-crosscabriolet-pricing/2013/4E197B70	http://img.truecar.com/colorid_images/v1/959518/175x90/f3q
Nissan	GT-R	Coupe	0	2013	97820.0	http://www.truecar.com/prices-new/nissan/gt-r-pricing/2013/5E5D040D	http://img.truecar.com/colorid_images/v1/919547/175x90/f3q
Porsche	Cayenne	SUV	0	2013	49825.0	http://www.truecar.com/prices-new/porsche/cayenne-pricing/2013/6C301A8C	http://img.truecar.com/colorid_images/v1/939033/175x90/f3q
Porsche	Boxster	Convertible	0	2013	50450.0	http://www.truecar.com/prices-new/porsche/boxster-pricing/2013/72200B40	http://img.truecar.com/colorid_images/v1/940592/175x90/f3q
Porsche	Cayman	Coupe	0	2012	52850.0	http://www.truecar.com/prices-new/porsche/cayman-pricing/2012/72F31B74	http://img.truecar.com/colorid_images/v1/882589/175x90/f3q
Porsche	Panamera	Wagon	0	2012	76175.0	http://www.truecar.com/prices-new/porsche/panamera-pricing/2012/D331CD0C	http://img.truecar.com/colorid_images/v1/882281/175x90/f3q
Porsche	Panamera	Wagon	0	2013	76825.0	http://www.truecar.com/prices-new/porsche/panamera-pricing/2013/CE97D795	http://img.truecar.com/colorid_images/v1/944006/175x90/f3q
Porsche	911	Coupe	0	2013	83050.0	http://www.truecar.com/prices-new/porsche/911-pricing/2013/48140B14	http://img.truecar.com/colorid_images/v1/936540/175x90/f3q
Ram	Cargo Van	Van	0	2012	23415.0	http://www.truecar.com/prices-new/ram/cargo-van-pricing/2012/D99CF710	http://img.truecar.com/colorid_images/v1/890924/175x90/f3q
Ram	Cargo Van	Van	0	2013	23460.0	http://www.truecar.com/prices-new/ram/cargo-van-pricing/2013/7B22B057	http://img.truecar.com/colorid_images/v1/936108/175x90/f3q
Ram	1500	Truck	0	2013	23635.0	http://www.truecar.com/prices-new/ram/1500-pricing/2013/54EE0C9E	http://img.truecar.com/colorid_images/v1/954125/175x90/f3q
Ram	2500	Truck	0	2012	30215.0	http://www.truecar.com/prices-new/ram/2500-pricing/2012/F4FF6E8E	http://img.truecar.com/colorid_images/v1/891311/175x90/f3q
Ram	2500	Truck	0	2013	30215.0	http://www.truecar.com/prices-new/ram/2500-pricing/2013/9DDE08AC	http://img.truecar.com/colorid_images/v1/960125/175x90/f3q
Ram	3500	Truck	0	2013	30900.0	http://www.truecar.com/prices-new/ram/3500-pricing/2013/417C875B	http://img.truecar.com/colorid_images/v1/961781/175x90/f3q
Ram	3500	Truck	0	2012	39215.0	http://www.truecar.com/prices-new/ram/3500-pricing/2012/22546172	http://img.truecar.com/colorid_images/v1/895825/175x90/f3q
Rolls-Royce	Ghost	Sedan	0	2013	248500.0	http://www.truecar.com/prices-new/rolls-royce/ghost-pricing/2013/0588EA0D	http://img.truecar.com/colorid_images/v1/950947/175x90/f3q
Rolls-Royce	Phantom	Sedan	0	2013	400970.0	http://www.truecar.com/prices-new/rolls-royce/phantom-pricing/2013/94491E36	http://img.truecar.com/colorid_images/v1/954021/175x90/f3q
Rolls-Royce	Phantom Coupe	Coupe	0	2013	431295.0	http://www.truecar.com/prices-new/rolls-royce/phantom-coupe-pricing/2013/FC83D5BE	http://img.truecar.com/colorid_images/v1/954091/175x90/f3q
Saab	9-3	Sedan	0	2011	29725.0	http://www.truecar.com/prices-new/saab/9-3-pricing/2011/BA1F92B3	http://img.truecar.com/colorid_images/v1/868198/175x90/f3q
Saab	9-4X	SUV	0	2011	34205.0	http://www.truecar.com/prices-new/saab/9-4x-pricing/2011/1F3C10A4	http://img.truecar.com/colorid_images/v1/867438/175x90/f3q
Saab	9-5	Sedan	0	2011	39350.0	http://www.truecar.com/prices-new/saab/9-5-pricing/2011/35683D7F	http://img.truecar.com/colorid_images/v1/867462/175x90/f3q
Scion	iQ	Wagon	0	2012	16020.0	http://www.truecar.com/prices-new/scion/iq-pricing/2012/EE6FC058	http://img.truecar.com/colorid_images/v1/890032/175x90/f3q
Scion	xD	Wagon	0	2012	16100.0	http://www.truecar.com/prices-new/scion/xd-pricing/2012/914FCC1F	http://img.truecar.com/colorid_images/v1/905079/175x90/f3q
Scion	iQ	Wagon	0	2013	16250.0	http://www.truecar.com/prices-new/scion/iq-pricing/2013/2ADE370A	http://img.truecar.com/colorid_images/v1/945631/175x90/f3q
Scion	xD	Wagon	0	2013	16500.0	http://www.truecar.com/prices-new/scion/xd-pricing/2013/2242BB2C	http://img.truecar.com/colorid_images/v1/945655/175x90/f3q
Scion	xB	Wagon	0	2012	17055.0	http://www.truecar.com/prices-new/scion/xb-pricing/2012/59A10CA5	http://img.truecar.com/colorid_images/v1/888327/175x90/f3q
Scion	tC	Wagon	0	2013	19480.0	http://www.truecar.com/prices-new/scion/tc-pricing/2013/A3B5BA36	http://img.truecar.com/colorid_images/v1/928267/175x90/f3q
Scion	FR-S	Coupe	0	2013	25255.0	http://www.truecar.com/prices-new/scion/fr-s-pricing/2013/91A10567	http://img.truecar.com/colorid_images/v1/922366/175x90/f3q
Smart	fortwo	Coupe	0	2013	13240.0	http://www.truecar.com/prices-new/smart/fortwo-pricing/2013/90664BA5	http://img.truecar.com/colorid_images/v1/931886/175x90/f3q
Subaru	Impreza Sedan	Sedan	0	2013	18665.0	http://www.truecar.com/prices-new/subaru/impreza-sedan-pricing/2013/ED5EC02F	http://img.truecar.com/colorid_images/v1/943235/175x90/f3q
Subaru	Impreza Wagon	Wagon	0	2013	19165.0	http://www.truecar.com/prices-new/subaru/impreza-wagon-pricing/2013/38BE7A6A	http://img.truecar.com/colorid_images/v1/943315/175x90/f3q
Subaru	Legacy	Sedan	0	2013	21065.0	http://www.truecar.com/prices-new/subaru/legacy-pricing/2013/CDE100A5	http://img.truecar.com/colorid_images/v1/933714/175x90/f3q
Subaru	Forester	SUV	0	2013	22090.0	http://www.truecar.com/prices-new/subaru/forester-pricing/2013/4EB67CA4	http://img.truecar.com/colorid_images/v1/933578/175x90/f3q
Subaru	XV Crosstrek	Wagon	0	2013	22790.0	http://www.truecar.com/prices-new/subaru/xv-crosstrek-pricing/2013/17E04C82	http://img.truecar.com/colorid_images/v1/945713/175x90/f3q
Subaru	Outback	Wagon	0	2013	24290.0	http://www.truecar.com/prices-new/subaru/outback-pricing/2013/C1CEA16A	http://img.truecar.com/colorid_images/v1/934571/175x90/f3q
Subaru	BRZ	Coupe	0	2013	26265.0	http://www.truecar.com/prices-new/subaru/brz-pricing/2013/97C7F115	http://img.truecar.com/colorid_images/v1/922770/175x90/f3q
Subaru	Impreza Sedan WRX	Sedan	0	2013	26565.0	http://www.truecar.com/prices-new/subaru/impreza-sedan-wrx-pricing/2013/B2F3295F	http://img.truecar.com/colorid_images/v1/943280/175x90/f3q
Subaru	Impreza Wagon WRX	Wagon	0	2013	26565.0	http://www.truecar.com/prices-new/subaru/impreza-wagon-wrx-pricing/2013/6BB34EE2	http://img.truecar.com/colorid_images/v1/943387/175x90/f3q
Subaru	Forester	SUV	0	2014	28820.0	http://www.truecar.com/prices-new/subaru/forester-pricing/2014/63FF5C3C	http://img.truecar.com/colorid_images/v1/965264/175x90/f3q
Subaru	Tribeca	SUV	0	2012	31370.0	http://www.truecar.com/prices-new/subaru/tribeca-pricing/2012/B6B8500E	http://img.truecar.com/colorid_images/v1/907424/175x90/f3q
Subaru	Tribeca	SUV	0	2013	33390.0	http://www.truecar.com/prices-new/subaru/tribeca-pricing/2013/A7CD0520	http://img.truecar.com/colorid_images/v1/944241/175x90/f3q
Suzuki	SX4	Sedan	0	2012	14614.0	http://www.truecar.com/prices-new/suzuki/sx4-pricing/2012/835352C1	http://img.truecar.com/colorid_images/v1/899933/175x90/f3q
Suzuki	SX4	Sedan	0	2013	16640.0	http://www.truecar.com/prices-new/suzuki/sx4-pricing/2013/FE5941E7	http://img.truecar.com/colorid_images/v1/949815/175x90/f3q
Suzuki	Equator	Truck	0	2012	18814.0	http://www.truecar.com/prices-new/suzuki/equator-pricing/2012/5E0A558D	http://img.truecar.com/colorid_images/v1/910364/175x90/f3q
Suzuki	Kizashi	Sedan	0	2012	19764.0	http://www.truecar.com/prices-new/suzuki/kizashi-pricing/2012/58D573D2	http://img.truecar.com/colorid_images/v1/899208/175x90/f3q
Suzuki	Grand Vitara	SUV	0	2012	20464.0	http://www.truecar.com/prices-new/suzuki/grand-vitara-pricing/2012/CCC1D6F5	http://img.truecar.com/colorid_images/v1/900001/175x90/f3q
Tesla	Model S	Sedan	0	2013	61070.0	http://www.truecar.com/prices-new/tesla/model-s-pricing/2013/4BF5E75C	http://img.truecar.com/colorid_images/v1/965711/175x90/f3q
Tesla	Roadster 2.5	Convertible	0	2011	110950.0	http://www.truecar.com/prices-new/tesla/roadster-2.5-pricing/2011/12548C39	http://img.truecar.com/colorid_images/v1/852387/175x90/f3q
Toyota	Yaris	Wagon	0	2012	14910.0	http://www.truecar.com/prices-new/toyota/yaris-pricing/2012/97A1C629	http://img.truecar.com/colorid_images/v1/898977/175x90/f3q
Toyota	Yaris	Wagon	0	2013	15165.0	http://www.truecar.com/prices-new/toyota/yaris-pricing/2013/CBF0EEF7	http://img.truecar.com/colorid_images/v1/953555/175x90/f3q
Toyota	Corolla	Sedan	0	2013	17025.0	http://www.truecar.com/prices-new/toyota/corolla-pricing/2013/3CF1AF19	http://img.truecar.com/colorid_images/v1/944246/175x90/f3q
Toyota	Tacoma	Truck	0	2012	17970.0	http://www.truecar.com/prices-new/toyota/tacoma-pricing/2012/4B434273	http://img.truecar.com/colorid_images/v1/900908/175x90/f3q
Toyota	Tacoma	Truck	0	2013	18470.0	http://www.truecar.com/prices-new/toyota/tacoma-pricing/2013/648F2916	http://img.truecar.com/colorid_images/v1/944532/175x90/f3q
Toyota	Matrix	Wagon	0	2012	19640.0	http://www.truecar.com/prices-new/toyota/matrix-pricing/2012/42D0A630	http://img.truecar.com/colorid_images/v1/915458/175x90/f3q
Toyota	Prius c	Wagon	1	2012	19745.0	http://www.truecar.com/prices-new/toyota/prius-c-pricing/2012/0E126BF9	http://img.truecar.com/colorid_images/v1/918553/175x90/f3q
Toyota	Prius c	Wagon	1	2013	19875.0	http://www.truecar.com/prices-new/toyota/prius-c-pricing/2013/007080C2	http://img.truecar.com/colorid_images/v1/958954/175x90/f3q
Toyota	Matrix	Wagon	0	2013	20070.0	http://www.truecar.com/prices-new/toyota/matrix-pricing/2013/8545C216	http://img.truecar.com/colorid_images/v1/944397/175x90/f3q
Toyota	Camry	Sedan	0	2012	22850.0	http://www.truecar.com/prices-new/toyota/camry-pricing/2012/110825C8	http://img.truecar.com/colorid_images/v1/902666/175x90/f3q
Toyota	Camry	Sedan	0	2013	23030.0	http://www.truecar.com/prices-new/toyota/camry-pricing/2013/E163DEBA	http://img.truecar.com/colorid_images/v1/958215/175x90/f3q
Toyota	RAV4	SUV	0	2012	23495.0	http://www.truecar.com/prices-new/toyota/rav4-pricing/2012/25B57469	http://img.truecar.com/colorid_images/v1/917312/175x90/f3q
Toyota	Prius	Wagon	1	2013	24010.0	http://www.truecar.com/prices-new/toyota/prius-pricing/2013/5473B31B	http://img.truecar.com/colorid_images/v1/956479/175x90/f3q
Toyota	RAV4	SUV	0	2013	24145.0	http://www.truecar.com/prices-new/toyota/rav4-pricing/2013/B93B3F62	http://img.truecar.com/colorid_images/v1/959069/175x90/f3q
Toyota	Prius	Wagon	1	2012	24795.0	http://www.truecar.com/prices-new/toyota/prius-pricing/2012/B1142F76	http://img.truecar.com/colorid_images/v1/917397/175x90/f3q
Toyota	Tundra 2WD Truck	Truck	0	2012	26150.0	http://www.truecar.com/prices-new/toyota/tundra-2wd-truck-pricing/2012/24147624	http://img.truecar.com/colorid_images/v1/905467/175x90/f3q
Toyota	Tundra 2WD Truck	Truck	0	2013	26450.0	http://www.truecar.com/prices-new/toyota/tundra-2wd-truck-pricing/2013/67E4AF74	http://img.truecar.com/colorid_images/v1/951021/175x90/f3q
Toyota	Camry Hybrid	Sedan	1	2012	26785.0	http://www.truecar.com/prices-new/toyota/camry-hybrid-pricing/2012/BF3F73F2	http://img.truecar.com/colorid_images/v1/902231/175x90/f3q
Toyota	Camry Hybrid	Sedan	1	2013	26935.0	http://www.truecar.com/prices-new/toyota/camry-hybrid-pricing/2013/C9D6EFF5	http://img.truecar.com/colorid_images/v1/958439/175x90/f3q
Toyota	FJ Cruiser	SUV	0	2012	26960.0	http://www.truecar.com/prices-new/toyota/fj-cruiser-pricing/2012/382AB5DC	http://img.truecar.com/colorid_images/v1/898081/175x90/f3q
Toyota	Prius v	Wagon	1	2012	27345.0	http://www.truecar.com/prices-new/toyota/prius-v-pricing/2012/1A5B58DE	http://img.truecar.com/colorid_images/v1/907625/175x90/f3q
Toyota	Sienna	Van	0	2013	27430.0	http://www.truecar.com/prices-new/toyota/sienna-pricing/2013/CAB77697	http://img.truecar.com/colorid_images/v1/945883/175x90/f3q
Toyota	Prius v	Wagon	1	2013	27445.0	http://www.truecar.com/prices-new/toyota/prius-v-pricing/2013/0973011E	http://img.truecar.com/colorid_images/v1/956665/175x90/f3q
Toyota	FJ Cruiser	SUV	0	2013	27875.0	http://www.truecar.com/prices-new/toyota/fj-cruiser-pricing/2013/7D5391B9	http://img.truecar.com/colorid_images/v1/948073/175x90/f3q
Toyota	Venza	Wagon	0	2013	28695.0	http://www.truecar.com/prices-new/toyota/venza-pricing/2013/F94331EE	http://img.truecar.com/colorid_images/v1/934474/175x90/f3q
Toyota	Highlander	SUV	0	2012	29085.0	http://www.truecar.com/prices-new/toyota/highlander-pricing/2012/49003150	http://img.truecar.com/colorid_images/v1/897676/175x90/f3q
Toyota	Highlander	SUV	0	2013	29865.0	http://www.truecar.com/prices-new/toyota/highlander-pricing/2013/FB14CA4B	http://img.truecar.com/colorid_images/v1/949855/175x90/f3q
Toyota	Tundra 4WD Truck	Truck	0	2012	31345.0	http://www.truecar.com/prices-new/toyota/tundra-4wd-truck-pricing/2012/EF139E5D	http://img.truecar.com/colorid_images/v1/903174/175x90/f3q
Toyota	Tundra 4WD Truck	Truck	0	2013	31645.0	http://www.truecar.com/prices-new/toyota/tundra-4wd-truck-pricing/2013/F7CFE2DA	http://img.truecar.com/colorid_images/v1/951779/175x90/f3q
Toyota	Avalon	Sedan	0	2013	31785.0	http://www.truecar.com/prices-new/toyota/avalon-pricing/2013/1D5E2848	http://img.truecar.com/colorid_images/v1/957264/175x90/f3q
Toyota	4Runner	SUV	0	2012	31935.0	http://www.truecar.com/prices-new/toyota/4runner-pricing/2012/6FB4FF13	http://img.truecar.com/colorid_images/v1/910974/175x90/f3q
Toyota	4Runner	SUV	0	2013	32335.0	http://www.truecar.com/prices-new/toyota/4runner-pricing/2013/D3CC6162	http://img.truecar.com/colorid_images/v1/945739/175x90/f3q
Toyota	Prius Plug-In	Wagon	1	2012	32795.0	http://www.truecar.com/prices-new/toyota/prius-plug-in-pricing/2012/15D59B8F	http://img.truecar.com/colorid_images/v1/917470/175x90/f3q
Toyota	Prius Plug-In	Wagon	1	2013	32795.0	http://www.truecar.com/prices-new/toyota/prius-plug-in-pricing/2013/005EB41F	http://img.truecar.com/colorid_images/v1/957163/175x90/f3q
Toyota	Avalon Hybrid	Sedan	1	2013	36350.0	http://www.truecar.com/prices-new/toyota/avalon-hybrid-pricing/2013/FE90ABB9	http://img.truecar.com/colorid_images/v1/957408/175x90/f3q
Toyota	Highlander Hybrid	SUV	1	2012	39560.0	http://www.truecar.com/prices-new/toyota/highlander-hybrid-pricing/2012/C592B119	http://img.truecar.com/colorid_images/v1/897638/175x90/f3q
Toyota	Highlander Hybrid	SUV	1	2013	41015.0	http://www.truecar.com/prices-new/toyota/highlander-hybrid-pricing/2013/D3E8DED5	http://img.truecar.com/colorid_images/v1/948139/175x90/f3q
Toyota	Sequoia	SUV	0	2012	41925.0	http://www.truecar.com/prices-new/toyota/sequoia-pricing/2012/40CE75A4	http://img.truecar.com/colorid_images/v1/902911/175x90/f3q
Toyota	Sequoia	SUV	0	2013	43450.0	http://www.truecar.com/prices-new/toyota/sequoia-pricing/2013/F3054628	http://img.truecar.com/colorid_images/v1/950215/175x90/f3q
Toyota	RAV4 EV	SUV	0	2012	50645.0	http://www.truecar.com/prices-new/toyota/rav4-ev-pricing/2012/E9D8355B	http://img.truecar.com/colorid_images/v1/952821/175x90/f3q
Toyota	RAV4 EV	SUV	0	2013	50645.0	http://www.truecar.com/prices-new/toyota/rav4-ev-pricing/2013/0CDD1B49	http://img.truecar.com/colorid_images/v1/959453/175x90/f3q
Toyota	Land Cruiser	SUV	0	2013	79550.0	http://www.truecar.com/prices-new/toyota/land-cruiser-pricing/2013/0548E9BD	http://img.truecar.com/colorid_images/v1/919120/175x90/f3q
Volkswagen	Jetta Sedan	Sedan	0	2012	16285.0	http://www.truecar.com/prices-new/volkswagen/jetta-sedan-pricing/2012/F708317E	http://img.truecar.com/colorid_images/v1/878420/175x90/f3q
Volkswagen	Jetta Sedan	Sedan	0	2013	16340.0	http://www.truecar.com/prices-new/volkswagen/jetta-sedan-pricing/2013/0351E263	http://img.truecar.com/colorid_images/v1/929979/175x90/f3q
Volkswagen	Golf	Wagon	0	2012	18765.0	http://www.truecar.com/prices-new/volkswagen/golf-pricing/2012/E08BD3FF	http://img.truecar.com/colorid_images/v1/878357/175x90/f3q
Volkswagen	Golf	Wagon	0	2013	18890.0	http://www.truecar.com/prices-new/volkswagen/golf-pricing/2013/2A74D795	http://img.truecar.com/colorid_images/v1/928694/175x90/f3q
Volkswagen	Beetle	Coupe	0	2012	19765.0	http://www.truecar.com/prices-new/volkswagen/beetle-pricing/2012/F969415A	http://img.truecar.com/colorid_images/v1/888882/175x90/f3q
Volkswagen	Beetle Coupe	Coupe	0	2013	20790.0	http://www.truecar.com/prices-new/volkswagen/beetle-coupe-pricing/2013/88D1B79B	http://img.truecar.com/colorid_images/v1/931286/175x90/f3q
Volkswagen	Jetta SportWagen	Sedan	0	2012	20965.0	http://www.truecar.com/prices-new/volkswagen/jetta-sportwagen-pricing/2012/2625CFC6	http://img.truecar.com/colorid_images/v1/877449/175x90/f3q
Volkswagen	Jetta SportWagen	Wagon	0	2013	21390.0	http://www.truecar.com/prices-new/volkswagen/jetta-sportwagen-pricing/2013/75B08472	http://img.truecar.com/colorid_images/v1/931051/175x90/f3q
Volkswagen	Passat	Sedan	0	2013	21640.0	http://www.truecar.com/prices-new/volkswagen/passat-pricing/2013/CFA44C32	http://img.truecar.com/colorid_images/v1/929997/175x90/f3q
Volkswagen	Tiguan	SUV	0	2012	23660.0	http://www.truecar.com/prices-new/volkswagen/tiguan-pricing/2012/E8349EE1	http://img.truecar.com/colorid_images/v1/877047/175x90/f3q
Volkswagen	Tiguan	SUV	0	2013	23820.0	http://www.truecar.com/prices-new/volkswagen/tiguan-pricing/2013/EE8A0616	http://img.truecar.com/colorid_images/v1/953913/175x90/f3q
Volkswagen	GLI	Sedan	0	2012	24515.0	http://www.truecar.com/prices-new/volkswagen/gli-pricing/2012/D65B7EE1	http://img.truecar.com/colorid_images/v1/869839/175x90/f3q
Volkswagen	GLI	Sedan	0	2013	24740.0	http://www.truecar.com/prices-new/volkswagen/gli-pricing/2013/D3E5CF90	http://img.truecar.com/colorid_images/v1/931169/175x90/f3q
Volkswagen	GTI	Wagon	0	2012	24765.0	http://www.truecar.com/prices-new/volkswagen/gti-pricing/2012/C7C1BEFC	http://img.truecar.com/colorid_images/v1/878582/175x90/f3q
Volkswagen	GTI	Wagon	0	2013	24790.0	http://www.truecar.com/prices-new/volkswagen/gti-pricing/2013/1ED4693E	http://img.truecar.com/colorid_images/v1/929621/175x90/f3q
Volkswagen	Beetle Convertible	Convertible	0	2013	25790.0	http://www.truecar.com/prices-new/volkswagen/beetle-convertible-pricing/2013/6F2667F4	http://img.truecar.com/colorid_images/v1/958524/175x90/f3q
Volkswagen	Routan	Van	0	2012	27840.0	http://www.truecar.com/prices-new/volkswagen/routan-pricing/2012/562F937E	http://img.truecar.com/colorid_images/v1/887917/175x90/f3q
Volkswagen	CC	Sedan	0	2012	29335.0	http://www.truecar.com/prices-new/volkswagen/cc-pricing/2012/21B41A24	http://img.truecar.com/colorid_images/v1/865930/175x90/f3q
Volkswagen	CC	Sedan	0	2013	31370.0	http://www.truecar.com/prices-new/volkswagen/cc-pricing/2013/3F32EE3A	http://img.truecar.com/colorid_images/v1/921042/175x90/f3q
Volkswagen	Golf R	Wagon	0	2012	34760.0	http://www.truecar.com/prices-new/volkswagen/golf-r-pricing/2012/63FE3FCB	http://img.truecar.com/colorid_images/v1/907100/175x90/f3q
Volkswagen	Golf R	Wagon	0	2013	34990.0	http://www.truecar.com/prices-new/volkswagen/golf-r-pricing/2013/4171C81B	http://img.truecar.com/colorid_images/v1/928183/175x90/f3q
Volkswagen	Eos	Convertible	0	2012	35120.0	http://www.truecar.com/prices-new/volkswagen/eos-pricing/2012/F555D588	http://img.truecar.com/colorid_images/v1/866085/175x90/f3q
Volkswagen	Eos	Convertible	0	2013	35475.0	http://www.truecar.com/prices-new/volkswagen/eos-pricing/2013/0AA58D80	http://img.truecar.com/colorid_images/v1/930758/175x90/f3q
Volkswagen	Touareg	SUV	0	2012	44245.0	http://www.truecar.com/prices-new/volkswagen/touareg-pricing/2012/4A1E2AB9	http://img.truecar.com/colorid_images/v1/877545/175x90/f3q
Volkswagen	Touareg	SUV	0	2013	44820.0	http://www.truecar.com/prices-new/volkswagen/touareg-pricing/2013/7607D6A5	http://img.truecar.com/colorid_images/v1/941282/175x90/f3q
Volvo	C30	Coupe	0	2013	26395.0	http://www.truecar.com/prices-new/volvo/c30-pricing/2013/D8A12B4D	http://img.truecar.com/colorid_images/v1/933344/175x90/f3q
Volvo	S60	Sedan	0	2013	32795.0	http://www.truecar.com/prices-new/volvo/s60-pricing/2013/2038D800	http://img.truecar.com/colorid_images/v1/935651/175x90/f3q
Volvo	XC70	Wagon	0	2013	34495.0	http://www.truecar.com/prices-new/volvo/xc70-pricing/2013/A2DC1CF9	http://img.truecar.com/colorid_images/v1/935532/175x90/f3q
Volvo	XC60	SUV	0	2013	35245.0	http://www.truecar.com/prices-new/volvo/xc60-pricing/2013/3FA4C1EE	http://img.truecar.com/colorid_images/v1/935353/175x90/f3q
Volvo	S80	Sedan	0	2012	38825.0	http://www.truecar.com/prices-new/volvo/s80-pricing/2012/25BA3E1E	http://img.truecar.com/colorid_images/v1/880761/175x90/f3q
Volvo	S80	Sedan	0	2013	40045.0	http://www.truecar.com/prices-new/volvo/s80-pricing/2013/1EC45E6C	http://img.truecar.com/colorid_images/v1/935335/175x90/f3q
Volvo	XC90	SUV	0	2013	40595.0	http://www.truecar.com/prices-new/volvo/xc90-pricing/2013/99A05F7F	http://img.truecar.com/colorid_images/v1/919430/175x90/f3q
Volvo	C70	Convertible	0	2013	42095.0	http://www.truecar.com/prices-new/volvo/c70-pricing/2013/3E420DA8	http://img.truecar.com/colorid_images/v1/935604/175x90/f3q
